id,x,y,size,color
KinectAdventures,181.8959232255394,123.6678980220652,16.235534313569023,#38454f
CallofDutyModernWarfare3,198.43145753910844,123.6678980220652,16.235534313569023,#38454f
CallofDutyBlackOps,214.96699185267747,123.6678980220652,16.235534313569023,#38454f
CallofDutyModernWarfare2,231.5025261662465,123.6678980220652,16.235534313569023,#38454f
Halo3,248.03806047981553,123.6678980220652,16.235534313569023,#38454f
GrandTheftAutoIV,264.57359479338453,123.6678980220652,16.235534313569023,#38454f
CallofDutyGhosts,479.5355408697819,123.6678980220652,16.235534313569023,#38454f
HaloReach,496.07107518335096,123.6678980220652,16.235534313569023,#38454f
Halo4,512.60660949692,123.6678980220652,16.235534313569023,#38454f
CallofDuty4ModernWarfare,529.142143810489,123.6678980220652,16.235534313569023,#38454f
Minecraft,545.6776781240579,123.6678980220652,16.235534313569023,#38454f
TheElderScrollsVSkyrim,132.2893202848323,140.20343233563423,16.235534313569023,#38454f
Halo2,148.82485459840134,140.20343233563423,16.235534313569023,#38454f
CallofDutyWorldatWar,165.36038891197038,140.20343233563423,16.235534313569023,#38454f
Battlefield3,181.8959232255394,140.20343233563423,16.235534313569023,#38454f
GearsofWar2,198.43145753910844,140.20343233563423,16.235534313569023,#38454f
HaloCombatEvolved,214.96699185267747,140.20343233563423,16.235534313569023,#38454f
Halo3ODST,231.5025261662465,140.20343233563423,16.235534313569023,#38454f
GearsofWar3,248.03806047981553,140.20343233563423,16.235534313569023,#38454f
KinectSports,264.57359479338453,140.20343233563423,16.235534313569023,#38454f
GearsofWar,281.10912910695356,140.20343233563423,16.235534313569023,#38454f
AssassinsCreed,297.6446634205226,140.20343233563423,16.235534313569023,#38454f
ForzaMotorsport3,314.1801977340916,140.20343233563423,16.235534313569023,#aeb6bb
FableIII,330.71573204766065,140.20343233563423,16.235534313569023,#aeb6bb
Fallout3,347.2512663612297,140.20343233563423,16.235534313569023,#aeb6bb
ForzaMotorsport4,363.7868006747987,140.20343233563423,16.235534313569023,#aeb6bb
Halo5Guardians,380.32233498836774,140.20343233563423,16.235534313569023,#aeb6bb
TheElderScrollsIVOblivion,396.8578693019368,140.20343233563423,16.235534313569023,#38454f
FableII,413.3934036155058,140.20343233563423,16.235534313569023,#38454f
FalloutNewVegas,429.92893792907483,140.20343233563423,16.235534313569023,#38454f
ForzaMotorsport2,446.46447224264386,140.20343233563423,16.235534313569023,#38454f
Left4Dead2,463.0000065562129,140.20343233563423,16.235534313569023,#38454f
LEGOIndianaJonesTheOriginalAdventures,479.5355408697819,140.20343233563423,16.235534313569023,#38454f
Left4Dead,496.07107518335096,140.20343233563423,16.235534313569023,#38454f
AssassinsCreedBrotherhood,512.60660949692,140.20343233563423,16.235534313569023,#38454f
BattlefieldBadCompany2,529.142143810489,140.20343233563423,16.235534313569023,#38454f
Borderlands,545.6776781240579,140.20343233563423,16.235534313569023,#38454f
LEGOBatmanTheVideogame,562.2132124376269,140.20343233563423,16.235534313569023,#38454f
GearsofWarUltimateEdition,578.7487467511959,140.20343233563423,16.235534313569023,#38454f
HaloTheMasterChiefCollection,595.2842810647649,140.20343233563423,16.235534313569023,#38454f
DanceCentral,132.2893202848323,156.73896664920326,16.235534313569023,#38454f
MassEffect2,148.82485459840134,156.73896664920326,16.235534313569023,#38454f
Borderlands2,165.36038891197038,156.73896664920326,16.235534313569023,#38454f
KungFuPanda,181.8959232255394,156.73896664920326,16.235534313569023,#38454f
MassEffect3,198.43145753910844,156.73896664920326,16.235534313569023,#38454f
SaintsRow2,214.96699185267747,156.73896664920326,16.235534313569023,#38454f
TomClancysSplinterCell,231.5025261662465,156.73896664920326,16.235534313569023,#38454f
NBA2K13,248.03806047981553,156.73896664920326,16.235534313569023,#38454f
Titanfall,264.57359479338453,156.73896664920326,16.235534313569023,#38454f
MassEffect,281.10912910695356,156.73896664920326,16.235534313569023,#38454f
SegaSuperstarsTennis,297.6446634205226,156.73896664920326,16.235534313569023,#38454f
MaddenNFL13,314.1801977340916,156.73896664920326,16.235534313569023,#aeb6bb
TheElderScrollsIIIMorrowind,330.71573204766065,156.73896664920326,16.235534313569023,#aeb6bb
MaddenNFL10,347.2512663612297,156.73896664920326,16.235534313569023,#aeb6bb
BioShock,363.7868006747987,156.73896664920326,16.235534313569023,#aeb6bb
StarWarsTheForceUnleashed,380.32233498836774,156.73896664920326,16.235534313569023,#38454f
SaintsRowTheThird,396.8578693019368,156.73896664920326,16.235534313569023,#38454f
CallofDuty3,413.3934036155058,156.73896664920326,16.235534313569023,#38454f
MaddenNFL12,429.92893792907483,156.73896664920326,16.235534313569023,#38454f
MaddenNFL11,446.46447224264386,156.73896664920326,16.235534313569023,#38454f
Fable,463.0000065562129,156.73896664920326,16.235534313569023,#38454f
Skate3,479.5355408697819,156.73896664920326,16.235534313569023,#38454f
HaloWars,496.07107518335096,156.73896664920326,16.235534313569023,#38454f
NBA2K12,512.60660949692,156.73896664920326,16.235534313569023,#38454f
GhostbustersTheVideoGameDSVersion,529.142143810489,156.73896664920326,16.235534313569023,#38454f
DragonAgeOrigins,545.6776781240579,156.73896664920326,16.235534313569023,#38454f
MaddenNFL09,562.2132124376269,156.73896664920326,16.235534313569023,#38454f
NBA2K14,578.7487467511959,156.73896664920326,16.235534313569023,#38454f
MarvelUltimateAlliance,595.2842810647649,156.73896664920326,16.235534313569023,#38454f
RockstarGamesDoublePackGrandTheftAutoIIIGrandTheftAutoViceCity,611.8198153783338,156.73896664920326,16.235534313569023,#38454f
Pure,115.75378597126328,173.2745009627723,16.235534313569023,#38454f
RockBand,132.2893202848323,173.2745009627723,16.235534313569023,#38454f
TomClancysRainbowSixVegas2,148.82485459840134,173.2745009627723,16.235534313569023,#38454f
HaloCombatEvolvedAnniversary,165.36038891197038,173.2745009627723,16.235534313569023,#38454f
DeadIsland,181.8959232255394,173.2745009627723,16.235534313569023,#38454f
KinectDisneylandAdventures,198.43145753910844,173.2745009627723,16.235534313569023,#38454f
KinectSportsSeasonTwo,214.96699185267747,173.2745009627723,16.235534313569023,#38454f
MaddenNFL25,231.5025261662465,173.2745009627723,16.235534313569023,#38454f
LEGOMarvelSuperHeroes,248.03806047981553,173.2745009627723,16.235534313569023,#38454f
ForzaMotorsport5,264.57359479338453,173.2745009627723,16.235534313569023,#38454f
RockBand2,281.10912910695356,173.2745009627723,16.235534313569023,#38454f
BioShock2,297.6446634205226,173.2745009627723,16.235534313569023,#38454f
StarWarsKnightsoftheOldRepublic,314.1801977340916,173.2745009627723,16.235534313569023,#38454f
SaintsRow,330.71573204766065,173.2745009627723,16.235534313569023,#38454f
ProjectGothamRacing,347.2512663612297,173.2745009627723,16.235534313569023,#aeb6bb
ProjectGothamRacingJPweeklysales,363.7868006747987,173.2745009627723,16.235534313569023,#38454f
NBA2K11,380.32233498836774,173.2745009627723,16.235534313569023,#38454f
DeadRising,396.8578693019368,173.2745009627723,16.235534313569023,#38454f
Portal2,413.3934036155058,173.2745009627723,16.235534313569023,#38454f
UFC2009Undisputed,429.92893792907483,173.2745009627723,16.235534313569023,#38454f
TomClancysSplinterCellConviction,446.46447224264386,173.2745009627723,16.235534313569023,#38454f
DanceCentral2,463.0000065562129,173.2745009627723,16.235534313569023,#38454f
PGR4ProjectGothamRacing4,479.5355408697819,173.2745009627723,16.235534313569023,#38454f
CallofDuty2,496.07107518335096,173.2745009627723,16.235534313569023,#38454f
ForzaHorizon,512.60660949692,173.2745009627723,16.235534313569023,#38454f
TomClancysRainbowSixVegas,529.142143810489,173.2745009627723,16.235534313569023,#ebba16
BioShockInfinite,545.6776781240579,173.2745009627723,16.235534313569023,#38454f
TheOrangeBox,562.2132124376269,173.2745009627723,16.235534313569023,#38454f
ForzaMotorsport6,578.7487467511959,173.2745009627723,16.235534313569023,#38454f
DeadorAlive3,595.2842810647649,173.2745009627723,16.235534313569023,#38454f
Crackdown,611.8198153783338,173.2745009627723,16.235534313569023,#38454f
KinectStarWars,115.75378597126328,189.81003527634132,16.235534313569023,#38454f
Dishonored,132.2893202848323,189.81003527634132,16.235534313569023,#38454f
PGRProjectGothamRacing2,148.82485459840134,189.81003527634132,16.235534313569023,#38454f
SaintsRowIV,165.36038891197038,189.81003527634132,16.235534313569023,#38454f
LEGOBatman2DCSuperHeroes,181.8959232255394,189.81003527634132,16.235534313569023,#38454f
NeedforSpeedCarbon,198.43145753910844,189.81003527634132,16.235534313569023,#38454f
ArmyofTwo,214.96699185267747,189.81003527634132,16.235534313569023,#38454f
VivaPinata,231.5025261662465,189.81003527634132,16.235534313569023,#38454f
Kinectimals,248.03806047981553,189.81003527634132,16.235534313569023,#38454f
Rage,264.57359479338453,189.81003527634132,16.235534313569023,#38454f
FarCry2,281.10912910695356,189.81003527634132,16.235534313569023,#38454f
SoulCaliburIV,297.6446634205226,189.81003527634132,16.235534313569023,#38454f
DeadRising3,314.1801977340916,189.81003527634132,16.235534313569023,#38454f
GearsofWarJudgment,330.71573204766065,189.81003527634132,16.235534313569023,#38454f
TomClancysRainbowSix3,347.2512663612297,189.81003527634132,16.235534313569023,#38454f
MafiaII,363.7868006747987,189.81003527634132,16.235534313569023,#38454f
TomClancysGhostReconAdvancedWarfighter,380.32233498836774,189.81003527634132,16.235534313569023,#38454f
DeadSpace2,396.8578693019368,189.81003527634132,16.235534313569023,#38454f
DeadRising2,413.3934036155058,189.81003527634132,16.235534313569023,#38454f
007QuantumofSolace,429.92893792907483,189.81003527634132,16.235534313569023,#38454f
TomClancysSplinterCellPandoraTomorrow,446.46447224264386,189.81003527634132,16.235534313569023,#38454f
TomClancysGhostReconFutureSoldier,463.0000065562129,189.81003527634132,16.235534313569023,#38454f
BattlefieldBadCompany,479.5355408697819,189.81003527634132,16.235534313569023,#38454f
Homefront,496.07107518335096,189.81003527634132,16.235534313569023,#38454f
KinectJoyRide,512.60660949692,189.81003527634132,16.235534313569023,#ebba16
ForzaHorizon2,529.142143810489,189.81003527634132,16.235534313569023,#ebba16
InjusticeGodsAmongUs,545.6776781240579,189.81003527634132,16.235534313569023,#ebba16
RyseSonofRome,562.2132124376269,189.81003527634132,16.235534313569023,#38454f
RiseoftheTombRaider,578.7487467511959,189.81003527634132,16.235534313569023,#38454f
DeusExHumanRevolution,595.2842810647649,189.81003527634132,16.235534313569023,#38454f
StarWarsKnightsoftheOldRepublicIITheSithLords,611.8198153783338,189.81003527634132,16.235534313569023,#38454f
TomClancysGhostRecon2,99.21825165769425,206.34556958991035,16.235534313569023,#38454f
GearsofWar4,115.75378597126328,206.34556958991035,16.235534313569023,#38454f
Crysis2,132.2893202848323,206.34556958991035,16.235534313569023,#38454f
Doom3,148.82485459840134,206.34556958991035,16.235534313569023,#536a79
LostPlanetExtremeCondition,165.36038891197038,206.34556958991035,16.235534313569023,#536a79
AlanWake,181.8959232255394,206.34556958991035,16.235534313569023,#536a79
YourShapeFitnessEvolved,198.43145753910844,206.34556958991035,16.235534313569023,#38454f
Prototype,214.96699185267747,206.34556958991035,16.235534313569023,#38454f
TheLEGOMovieVideogame,231.5025261662465,206.34556958991035,16.235534313569023,#38454f
NBA2K9,248.03806047981553,206.34556958991035,16.235534313569023,#38454f
WWE12,264.57359479338453,206.34556958991035,16.235534313569023,#38454f
NinjaGaiden,281.10912910695356,206.34556958991035,16.235534313569023,#38454f
LEGOTheLordoftheRings,297.6446634205226,206.34556958991035,16.235534313569023,#38454f
FuzionFrenzy,314.1801977340916,206.34556958991035,16.235534313569023,#38454f
MirrorsEdge,330.71573204766065,206.34556958991035,16.235534313569023,#38454f
YourShapeFitnessEvolved2012,347.2512663612297,206.34556958991035,16.235534313569023,#38454f
SniperGhostWarrior,363.7868006747987,206.34556958991035,16.235534313569023,#38454f
SunsetOverdrive,380.32233498836774,206.34556958991035,16.235534313569023,#38454f
MechAssault,396.8578693019368,206.34556958991035,16.235534313569023,#38454f
TomClancysRainbowSix3BlackArrow,413.3934036155058,206.34556958991035,16.235534313569023,#38454f
Crackdown2,429.92893792907483,206.34556958991035,16.235534313569023,#38454f
DragonAgeII,446.46447224264386,206.34556958991035,16.235534313569023,#38454f
CounterStrike,463.0000065562129,206.34556958991035,16.235534313569023,#38454f
TomClancysSplinterCellChaosTheory,479.5355408697819,206.34556958991035,16.235534313569023,#38454f
NCAAFootball14,496.07107518335096,206.34556958991035,16.235534313569023,#38454f
SonicFreeRiders,512.60660949692,206.34556958991035,16.235534313569023,#ebba16
NCAAFootball13,529.142143810489,206.34556958991035,16.235534313569023,#ebba16
Skate2,545.6776781240579,206.34556958991035,16.235534313569023,#ebba16
ForzaHorizon3,562.2132124376269,206.34556958991035,16.235534313569023,#38454f
DisneyInfinity20MarvelSuperHeroes,578.7487467511959,206.34556958991035,16.235534313569023,#38454f
PlantsvsZombiesGardenWarfare,595.2842810647649,206.34556958991035,16.235534313569023,#38454f
DJHero,611.8198153783338,206.34556958991035,16.235534313569023,#38454f
BullyScholarshipEdition,628.3553496919028,206.34556958991035,16.235534313569023,#38454f
AliensvsPredator,99.21825165769425,222.88110390347939,16.235534313569023,#38454f
Darksiders,115.75378597126328,222.88110390347939,16.235534313569023,#38454f
Mercenaries2WorldinFlames,132.2893202848323,222.88110390347939,16.235534313569023,#536a79
ForzaMotorsport,148.82485459840134,222.88110390347939,16.235534313569023,#536a79
Brink,165.36038891197038,222.88110390347939,16.235534313569023,#536a79
Bulletstorm,181.8959232255394,222.88110390347939,16.235534313569023,#536a79
AceCombat6FiresofLiberation,198.43145753910844,222.88110390347939,16.235534313569023,#536a79
NinjaGaidenII,214.96699185267747,222.88110390347939,16.235534313569023,#38454f
WinningElevenProEvolutionSoccer2007AllRegionsales,231.5025261662465,222.88110390347939,16.235534313569023,#38454f
NFLFever2002,248.03806047981553,222.88110390347939,16.235534313569023,#38454f
NCAAFootball12,264.57359479338453,222.88110390347939,16.235534313569023,#38454f
DeadSpace3,281.10912910695356,222.88110390347939,16.235534313569023,#38454f
TomClancysSplinterCellBlacklist,297.6446634205226,222.88110390347939,16.235534313569023,#38454f
NBA2K10,314.1801977340916,222.88110390347939,16.235534313569023,#38454f
BrutalLegend,330.71573204766065,222.88110390347939,16.235534313569023,#38454f
ArmyofTwoThe40thDay,347.2512663612297,222.88110390347939,16.235534313569023,#38454f
NCAAFootball10,363.7868006747987,222.88110390347939,16.235534313569023,#38454f
OperationFlashpointDragonRising,380.32233498836774,222.88110390347939,16.235534313569023,#38454f
WipeoutInTheZone,396.8578693019368,222.88110390347939,16.235534313569023,#38454f
NCAAFootball11,413.3934036155058,222.88110390347939,16.235534313569023,#38454f
BlueDragon,429.92893792907483,222.88110390347939,16.235534313569023,#38454f
TomClancysEndWar,446.46447224264386,222.88110390347939,16.235534313569023,#38454f
LostOdyssey,463.0000065562129,222.88110390347939,16.235534313569023,#38454f
MarvelUltimateAlliance2,479.5355408697819,222.88110390347939,16.235534313569023,#7383bf
Crysis3,496.07107518335096,222.88110390347939,16.235534313569023,#38454f
TheBiggestLoserUltimateWorkout,512.60660949692,222.88110390347939,16.235534313569023,#38454f
MinecraftStoryMode,529.142143810489,222.88110390347939,16.235534313569023,#38454f
RockBand3,545.6776781240579,222.88110390347939,16.235534313569023,#38454f
CrimsonSkiesHighRoadtoRevenge,562.2132124376269,222.88110390347939,16.235534313569023,#d75a4a
TomClancysGhostReconIslandThunder,578.7487467511959,222.88110390347939,16.235534313569023,#d75a4a
KingdomsofAmalurReckoning,595.2842810647649,222.88110390347939,16.235534313569023,#38454f
RedFactionGuerrilla,611.8198153783338,222.88110390347939,16.235534313569023,#38454f
NBA2K8,628.3553496919028,222.88110390347939,16.235534313569023,#38454f
TheLordoftheRingsWarintheNorth,99.21825165769425,239.41663821704842,16.235534313569023,#38454f
DukeNukemForever,115.75378597126328,239.41663821704842,16.235534313569023,#38454f
BruteForce,132.2893202848323,239.41663821704842,16.235534313569023,#536a79
SidMeiersCivilizationRevolution,148.82485459840134,239.41663821704842,16.235534313569023,#536a79
DJHero2,165.36038891197038,239.41663821704842,16.235534313569023,#536a79
AmpedFreestyleSnowboarding,181.8959232255394,239.41663821704842,16.235534313569023,#536a79
Stranglehold,198.43145753910844,239.41663821704842,16.235534313569023,#536a79
DanceCentral3,214.96699185267747,239.41663821704842,16.235534313569023,#38454f
ShaunWhiteSnowboarding,231.5025261662465,239.41663821704842,16.235534313569023,#38454f
Prototype2,248.03806047981553,239.41663821704842,16.235534313569023,#38454f
TheGodfatherII,264.57359479338453,239.41663821704842,16.235534313569023,#38454f
RareReplay,281.10912910695356,239.41663821704842,16.235534313569023,#38454f
StarOceanTheLastHope,297.6446634205226,239.41663821704842,16.235534313569023,#38454f
TooHuman,314.1801977340916,239.41663821704842,16.235534313569023,#38454f
TomClancysSplinterCellDoubleAgent,330.71573204766065,239.41663821704842,16.235534313569023,#38454f
DeadIslandRiptide,347.2512663612297,239.41663821704842,16.235534313569023,#38454f
AliensColonialMarines,363.7868006747987,239.41663821704842,16.235534313569023,#38454f
Lips,380.32233498836774,239.41663821704842,16.235534313569023,#38454f
PerfectDarkZero,396.8578693019368,239.41663821704842,16.235534313569023,#38454f
UFCPersonalTrainerTheUltimateFitnessSystem,413.3934036155058,239.41663821704842,16.235534313569023,#38454f
BanjoKazooieNutsBolts,429.92893792907483,239.41663821704842,16.235534313569023,#38454f
SonicSEGAAllStarsRacingwithBanjoKazooie,446.46447224264386,239.41663821704842,16.235534313569023,#38454f
KaneLynchDeadMen,463.0000065562129,239.41663821704842,16.235534313569023,#7383bf
Turok,479.5355408697819,239.41663821704842,16.235534313569023,#7383bf
UnrealChampionship,496.07107518335096,239.41663821704842,16.235534313569023,#7383bf
TalesofVesperia,512.60660949692,239.41663821704842,16.235534313569023,#38454f
OddworldMunchsOddysee,529.142143810489,239.41663821704842,16.235534313569023,#38454f
NHL11,545.6776781240579,239.41663821704842,16.235534313569023,#38454f
FullSpectrumWarrior,562.2132124376269,239.41663821704842,16.235534313569023,#d75a4a
MajorLeagueBaseball2K7,578.7487467511959,239.41663821704842,16.235534313569023,#d75a4a
BorderlandsThePreSequel,595.2842810647649,239.41663821704842,16.235534313569023,#d75a4a
Skate,611.8198153783338,239.41663821704842,16.235534313569023,#38454f
ConkerLiveAndReloaded,628.3553496919028,239.41663821704842,16.235534313569023,#38454f
NBALive09,644.8908840054718,239.41663821704842,16.235534313569023,#38454f
NCAAFootball09,82.68271734412522,255.95217253061745,16.235534313569023,#38454f
Doom3ResurrectionofEvil,99.21825165769425,255.95217253061745,16.235534313569023,#38454f
TwoWorlds,115.75378597126328,255.95217253061745,16.235534313569023,#38454f
StarWarsObiWan,132.2893202848323,255.95217253061745,16.235534313569023,#536a79
JadeEmpire,148.82485459840134,255.95217253061745,16.235534313569023,#536a79
InfiniteUndiscovery,165.36038891197038,255.95217253061745,16.235534313569023,#536a79
NHL12,181.8959232255394,255.95217253061745,16.235534313569023,#536a79
Halo2MultiplayerMapPack,198.43145753910844,255.95217253061745,16.235534313569023,#536a79
MotionSports,214.96699185267747,255.95217253061745,16.235534313569023,#38454f
ShrektheThird,231.5025261662465,255.95217253061745,16.235534313569023,#38454f
TestDriveUnlimited2,248.03806047981553,255.95217253061745,16.235534313569023,#38454f
MXvsATVUntamed,264.57359479338453,255.95217253061745,16.235534313569023,#38454f
TheLastRemnant,281.10912910695356,255.95217253061745,16.235534313569023,#38454f
ReturntoCastleWolfensteinTidesofWar,297.6446634205226,255.95217253061745,16.235534313569023,#38454f
FightNightRound2004,314.1801977340916,255.95217253061745,16.235534313569023,#38454f
StarWarsRepublicCommando,330.71573204766065,255.95217253061745,16.235534313569023,#38454f
Terraria,347.2512663612297,255.95217253061745,16.235534313569023,#38454f
NHL10,363.7868006747987,255.95217253061745,16.235534313569023,#38454f
NHL13,380.32233498836774,255.95217253061745,16.235534313569023,#38454f
BrothersInArmsRoadtoHill30,396.8578693019368,255.95217253061745,16.235534313569023,#38454f
SceneItBoxOfficeSmash,413.3934036155058,255.95217253061745,16.235534313569023,#38454f
NBALive06,429.92893792907483,255.95217253061745,16.235534313569023,#38454f
StuntmanIgnition,446.46447224264386,255.95217253061745,16.235534313569023,#38454f
TonyHawksProSkater2x,463.0000065562129,255.95217253061745,16.235534313569023,#7383bf
Juiced2HotImportNights,479.5355408697819,255.95217253061745,16.235534313569023,#7383bf
TheWalkingDeadSurvivalInstinct,496.07107518335096,255.95217253061745,16.235534313569023,#7383bf
Condemned2Bloodshot,512.60660949692,255.95217253061745,16.235534313569023,#38454f
MetalGearSolid2Substance,529.142143810489,255.95217253061745,16.235534313569023,#38454f
TonyHawksAmericanWasteland,545.6776781240579,255.95217253061745,16.235534313569023,#38454f
NFLFever2003,562.2132124376269,255.95217253061745,16.235534313569023,#d75a4a
MajorLeagueBaseball2K8,578.7487467511959,255.95217253061745,16.235534313569023,#d75a4a
MajorLeagueBaseball2K9,595.2842810647649,255.95217253061745,16.235534313569023,#38454f
KinectSportsRivals,611.8198153783338,255.95217253061745,16.235534313569023,#38454f
FightersUncaged,628.3553496919028,255.95217253061745,16.235534313569023,#38454f
PGR3ProjectGothamRacing3,644.8908840054718,255.95217253061745,16.235534313569023,#38454f
DeadorAliveXtremeBeachVolleyball,82.68271734412522,272.48770684418645,16.235534313569023,#38454f
NarutoTheBrokenBond,99.21825165769425,272.48770684418645,16.235534313569023,#38454f
LostViaDomus,115.75378597126328,272.48770684418645,16.235534313569023,#38454f
GamePartyinMotion,132.2893202848323,272.48770684418645,16.235534313569023,#536a79
SonicAllStarsRacingTransformed,148.82485459840134,272.48770684418645,16.235534313569023,#536a79
TransformersWarforCybertronXBox360PS3PCVersions,165.36038891197038,272.48770684418645,16.235534313569023,#536a79
KinectRushADisneyPixarAdventure,181.8959232255394,272.48770684418645,16.235534313569023,#536a79
TomClancysHAWX,198.43145753910844,272.48770684418645,16.235534313569023,#536a79
FarCryInstincts,214.96699185267747,272.48770684418645,16.235534313569023,#38454f
Payday2,231.5025261662465,272.48770684418645,16.235534313569023,#38454f
BlacksiteArea51,248.03806047981553,272.48770684418645,16.235534313569023,#38454f
BloodWake,264.57359479338453,272.48770684418645,16.235534313569023,#38454f
WrecklessThEYaKuzaMisSiOns,281.10912910695356,272.48770684418645,16.235534313569023,#38454f
Defiance,297.6446634205226,272.48770684418645,16.235534313569023,#38454f
RalliSportChallenge,314.1801977340916,272.48770684418645,16.235534313569023,#38454f
Warhammer40000SpaceMarine,330.71573204766065,272.48770684418645,16.235534313569023,#38454f
Battlefield2ModernCombat,347.2512663612297,272.48770684418645,16.235534313569023,#38454f
WWERaw2,363.7868006747987,272.48770684418645,16.235534313569023,#38454f
BlinxTheTimeSweeper,380.32233498836774,272.48770684418645,16.235534313569023,#38454f
QuantumBreak,396.8578693019368,272.48770684418645,16.235534313569023,#38454f
TMNT,413.3934036155058,272.48770684418645,16.235534313569023,#38454f
FrontlinesFuelofWar,429.92893792907483,272.48770684418645,16.235534313569023,#38454f
TheGodfatheroldUSsales,446.46447224264386,272.48770684418645,16.235534313569023,#38454f
WWFRaw,463.0000065562129,272.48770684418645,16.235534313569023,#38454f
MXvsATVAlive,479.5355408697819,272.48770684418645,16.235534313569023,#38454f
LipsNumberOneHits,496.07107518335096,272.48770684418645,16.235534313569023,#38454f
DanceDanceRevolutionUltramix,512.60660949692,272.48770684418645,16.235534313569023,#61b872
Metro2033,529.142143810489,272.48770684418645,16.235534313569023,#61b872
GregHastingsTournamentPaintball,545.6776781240579,272.48770684418645,16.235534313569023,#38454f
TwoWorldsII,562.2132124376269,272.48770684418645,16.235534313569023,#38454f
2in1ComboPackSonicHeroesSuperMonkeyBallDeluxe,578.7487467511959,272.48770684418645,16.235534313569023,#38454f
MedalofHonorEuropeanAssault,595.2842810647649,272.48770684418645,16.235534313569023,#38454f
FEAR2ProjectOrigin,611.8198153783338,272.48770684418645,16.235534313569023,#38454f
SesameStreetOnceUponAMonster,628.3553496919028,272.48770684418645,16.235534313569023,#38454f
MajorLeagueBaseball2K10,644.8908840054718,272.48770684418645,16.235534313569023,#38454f
TheSaboteur,661.4264183190407,272.48770684418645,16.235534313569023,#38454f
NHL09,66.1471830305562,289.0232411577555,16.235534313569023,#38454f
DeadorAliveUltimate,82.68271734412522,289.0232411577555,16.235534313569023,#38454f
MajorLeagueBaseball2K12,99.21825165769425,289.0232411577555,16.235534313569023,#38454f
DanceDanceRevolutionUniverse2,115.75378597126328,289.0232411577555,16.235534313569023,#38454f
NBAStreetHomecourt,132.2893202848323,289.0232411577555,16.235534313569023,#38454f
AloneintheDark,148.82485459840134,289.0232411577555,16.235534313569023,#38454f
YoureintheMovies,165.36038891197038,289.0232411577555,16.235534313569023,#536a79
SceneItLightsCameraAction,181.8959232255394,289.0232411577555,16.235534313569023,#38454f
DarkSector,198.43145753910844,289.0232411577555,16.235534313569023,#38454f
MajorLeagueBaseball2K13,214.96699185267747,289.0232411577555,16.235534313569023,#38454f
RockBand4,231.5025261662465,289.0232411577555,16.235534313569023,#38454f
VivaPinataTroubleinParadise,248.03806047981553,289.0232411577555,16.235534313569023,#536a79
DragonAgeOriginsAwakening,264.57359479338453,289.0232411577555,16.235534313569023,#536a79
Shadowrun,281.10912910695356,289.0232411577555,16.235534313569023,#536a79
RiseofNightmares,297.6446634205226,289.0232411577555,16.235534313569023,#38454f
DeadorAlive4,314.1801977340916,289.0232411577555,16.235534313569023,#38454f
TopSpin,330.71573204766065,289.0232411577555,16.235534313569023,#38454f
VinDieselWheelman,347.2512663612297,289.0232411577555,16.235534313569023,#38454f
TheChroniclesofRiddickEscapefromButcherBay,363.7868006747987,289.0232411577555,16.235534313569023,#38454f
StarWarsJediKnightJediAcademy,380.32233498836774,289.0232411577555,16.235534313569023,#38454f
EnemyTerritoryQuakeWars,396.8578693019368,289.0232411577555,16.235534313569023,#38454f
MajorLeagueBaseball2K11,413.3934036155058,289.0232411577555,16.235534313569023,#38454f
TNAiMPACT,429.92893792907483,289.0232411577555,16.235534313569023,#38454f
WWEWrestleMania21,446.46447224264386,289.0232411577555,16.235534313569023,#38454f
SilentHillHomecoming,463.0000065562129,289.0232411577555,16.235534313569023,#38454f
BrunswickProBowling,479.5355408697819,289.0232411577555,16.235534313569023,#38454f
TheGodfatherUSsales,496.07107518335096,289.0232411577555,16.235534313569023,#38454f
VikingBattleforAsgard,512.60660949692,289.0232411577555,16.235534313569023,#61b872
TransformersFallofCybertron,529.142143810489,289.0232411577555,16.235534313569023,#61b872
RobertLudlumsTheBourneConspiracy,545.6776781240579,289.0232411577555,16.235534313569023,#61b872
ChildofEden,562.2132124376269,289.0232411577555,16.235534313569023,#38454f
CommandConquer3TiberiumWars,578.7487467511959,289.0232411577555,16.235534313569023,#38454f
DanceDanceRevolutionUltramix2,595.2842810647649,289.0232411577555,16.235534313569023,#38454f
DoublePackFindingNemoTheIncredibles,611.8198153783338,289.0232411577555,16.235534313569023,#38454f
LordoftheRingsTheThirdAge,628.3553496919028,289.0232411577555,16.235534313569023,#38454f
StarWarsStarfighterSpecialEdition,644.8908840054718,289.0232411577555,16.235534313569023,#38454f
CondemnedCriminalOrigins,661.4264183190407,289.0232411577555,16.235534313569023,#38454f
TomClancysRainbowSixLockdown,66.1471830305562,305.5587754713245,16.235534313569023,#38454f
TimeShift,82.68271734412522,305.5587754713245,16.235534313569023,#38454f
FantasticPets,99.21825165769425,305.5587754713245,16.235534313569023,#38454f
SpiderManWebofShadows,115.75378597126328,305.5587754713245,16.235534313569023,#38454f
JustDanceKids2,132.2893202848323,305.5587754713245,16.235534313569023,#38454f
BeowulfTheGame,148.82485459840134,305.5587754713245,16.235534313569023,#38454f
Overlord,165.36038891197038,305.5587754713245,16.235534313569023,#38454f
TheGunstringer,181.8959232255394,305.5587754713245,16.235534313569023,#38454f
RapalaProBassFishing2010,198.43145753910844,305.5587754713245,16.235534313569023,#38454f
TheHouseofTheDeadIII,214.96699185267747,305.5587754713245,16.235534313569023,#38454f
TheDarknessII,231.5025261662465,305.5587754713245,16.235534313569023,#38454f
TomClancysGhostRecon2SummitStrike,248.03806047981553,305.5587754713245,16.235534313569023,#536a79
HunterTheReckoning,264.57359479338453,305.5587754713245,16.235534313569023,#536a79
DanceDanceRevolutionUltramix3,281.10912910695356,305.5587754713245,16.235534313569023,#536a79
NBAInsideDrive2002,297.6446634205226,305.5587754713245,16.235534313569023,#38454f
KingdomUnderFireCircleofDoom,314.1801977340916,305.5587754713245,16.235534313569023,#38454f
Quake4,330.71573204766065,305.5587754713245,16.235534313569023,#38454f
WantedWeaponsofFate,347.2512663612297,305.5587754713245,16.235534313569023,#38454f
ZooTycoon2013,363.7868006747987,305.5587754713245,16.235534313569023,#38454f
MechAssault2LoneWolf,380.32233498836774,305.5587754713245,16.235534313569023,#38454f
Shrek,396.8578693019368,305.5587754713245,16.235534313569023,#38454f
KinectimalsNowwithBears,413.3934036155058,305.5587754713245,16.235534313569023,#38454f
XboxMusicMixer,429.92893792907483,305.5587754713245,16.235534313569023,#38454f
Tropico4,446.46447224264386,305.5587754713245,16.235534313569023,#38454f
SupremeCommander2,463.0000065562129,305.5587754713245,16.235534313569023,#38454f
TenchuZ,479.5355408697819,305.5587754713245,16.235534313569023,#38454f
KameoElementsofPower,496.07107518335096,305.5587754713245,16.235534313569023,#38454f
HarryPotterandtheDeathlyHallowsPart2,512.60660949692,305.5587754713245,16.235534313569023,#61b872
DeusExInvisibleWar,529.142143810489,305.5587754713245,16.235534313569023,#61b872
TheKingofFightersXIII,545.6776781240579,305.5587754713245,16.235534313569023,#38454f
Fracture,562.2132124376269,305.5587754713245,16.235534313569023,#38454f
NinjaBlade,578.7487467511959,305.5587754713245,16.235534313569023,#38454f
NarutoRiseofaNinja,595.2842810647649,305.5587754713245,16.235534313569023,#38454f
DECASportsFreedom,611.8198153783338,305.5587754713245,16.235534313569023,#38454f
GoldenAxeBeastRider,628.3553496919028,305.5587754713245,16.235534313569023,#38454f
BattlestationsPacific,644.8908840054718,305.5587754713245,16.235534313569023,#38454f
MinutetoWinIt,661.4264183190407,305.5587754713245,16.235534313569023,#38454f
OverlordII,66.1471830305562,322.09430978489354,16.235534313569023,#38454f
DanceDanceRevolutionUniverse,82.68271734412522,322.09430978489354,16.235534313569023,#38454f
BeautifulKatamari,99.21825165769425,322.09430978489354,16.235534313569023,#38454f
Singularity,115.75378597126328,322.09430978489354,16.235534313569023,#38454f
CarnivalGamesMonkeySeeMonkeyDo,132.2893202848323,322.09430978489354,16.235534313569023,#38454f
Prey,148.82485459840134,322.09430978489354,16.235534313569023,#38454f
NFLFever2004,165.36038891197038,322.09430978489354,16.235534313569023,#38454f
KingdomUnderFireTheCrusaders,181.8959232255394,322.09430978489354,16.235534313569023,#38454f
CliveBarkersJericho,198.43145753910844,322.09430978489354,16.235534313569023,#38454f
ShenmueII,214.96699185267747,322.09430978489354,16.235534313569023,#38454f
NBAInsideDrive2003,231.5025261662465,322.09430978489354,16.235534313569023,#38454f
YuGiOhTheDawnofDestiny,248.03806047981553,322.09430978489354,16.235534313569023,#536a79
NamcoMuseumVirtualArcade,264.57359479338453,322.09430978489354,16.235534313569023,#536a79
Fuel,281.10912910695356,322.09430978489354,16.235534313569023,#536a79
StarWarsJediKnightIIJediOutcast,297.6446634205226,322.09430978489354,16.235534313569023,#38454f
LordoftheRingsBattleforMiddleEarth,314.1801977340916,322.09430978489354,16.235534313569023,#38454f
JonahLomuRugbyChallenge,330.71573204766065,322.09430978489354,16.235534313569023,#38454f
BruceLeeQuestoftheDragon,347.2512663612297,322.09430978489354,16.235534313569023,#38454f
MidtownMadness3,363.7868006747987,322.09430978489354,16.235534313569023,#38454f
NASCAR2011TheGame,380.32233498836774,322.09430978489354,16.235534313569023,#38454f
MagnaCarta2,396.8578693019368,322.09430978489354,16.235534313569023,#38454f
PowerUpHeroes,413.3934036155058,322.09430978489354,16.235534313569023,#38454f
DanceDanceRevolutionUniverse3,429.92893792907483,322.09430978489354,16.235534313569023,#536a79
AMFBowling2004,446.46447224264386,322.09430978489354,16.235534313569023,#536a79
N3NinetyNineNights,463.0000065562129,322.09430978489354,16.235534313569023,#536a79
GuitarHeroVanHalen,479.5355408697819,322.09430978489354,16.235534313569023,#38454f
OutlawGolf,496.07107518335096,322.09430978489354,16.235534313569023,#38454f
RabbidsAliveKicking,512.60660949692,322.09430978489354,16.235534313569023,#38454f
TheChroniclesofRiddickAssaultonDarkAthena,529.142143810489,322.09430978489354,16.235534313569023,#38454f
PiratesoftheCaribbean,545.6776781240579,322.09430978489354,16.235534313569023,#38454f
TurningPointFallofLiberty,562.2132124376269,322.09430978489354,16.235534313569023,#38454f
NASCAR08,578.7487467511959,322.09430978489354,16.235534313569023,#38454f
Links2004,595.2842810647649,322.09430978489354,16.235534313569023,#38454f
DeathSmiles,611.8198153783338,322.09430978489354,16.235534313569023,#38454f
FableTheJourney,628.3553496919028,322.09430978489354,16.235534313569023,#38454f
Chromehounds,644.8908840054718,322.09430978489354,16.235534313569023,#38454f
UnrealChampionship2TheLiandriConflict,661.4264183190407,322.09430978489354,16.235534313569023,#38454f
KungFuChaos,677.9619526326097,322.09430978489354,16.235534313569023,#38454f
SilentHill2RestlessDreams,49.61164871698718,338.62984409846257,16.235534313569023,#38454f
VirtuaFighter5Online,66.1471830305562,338.62984409846257,16.235534313569023,#38454f
TaoFengFistoftheLotus,82.68271734412522,338.62984409846257,16.235534313569023,#38454f
RockRevolution,99.21825165769425,338.62984409846257,16.235534313569023,#38454f
RalliSportChallenge2,115.75378597126328,338.62984409846257,16.235534313569023,#38454f
TheClub,132.2893202848323,338.62984409846257,16.235534313569023,#38454f
FinalFantasyXIUltimateCollection,148.82485459840134,338.62984409846257,16.235534313569023,#38454f
MotionSportsAdrenaline,165.36038891197038,338.62984409846257,16.235534313569023,#38454f
Section8,181.8959232255394,338.62984409846257,16.235534313569023,#38454f
AllProFootball2K8,198.43145753910844,338.62984409846257,16.235534313569023,#536a79
PanzerDragoonOrta,214.96699185267747,338.62984409846257,16.235534313569023,#536a79
SupermanReturns,231.5025261662465,338.62984409846257,16.235534313569023,#536a79
DeadlyPremonition,248.03806047981553,338.62984409846257,16.235534313569023,#536a79
BattlestationsMidway,264.57359479338453,338.62984409846257,16.235534313569023,#536a79
OutlawVolleyball,281.10912910695356,338.62984409846257,16.235534313569023,#536a79
DungeonsDragonsHeroes,297.6446634205226,338.62984409846257,16.235534313569023,#536a79
OddworldStrangersWrath,314.1801977340916,338.62984409846257,16.235534313569023,#536a79
Legendary,330.71573204766065,338.62984409846257,16.235534313569023,#536a79
GameofThrones,347.2512663612297,338.62984409846257,16.235534313569023,#38454f
Exhibition,363.7868006747987,338.62984409846257,16.235534313569023,#38454f
Amped2,380.32233498836774,338.62984409846257,16.235534313569023,#38454f
DeadorAliveXtreme2,396.8578693019368,338.62984409846257,16.235534313569023,#38454f
MenofValor,413.3934036155058,338.62984409846257,16.235534313569023,#536a79
MotoGP07,429.92893792907483,338.62984409846257,16.235534313569023,#536a79
TheOutfit,446.46447224264386,338.62984409846257,16.235534313569023,#536a79
DonKingPresentsPrizefighter,463.0000065562129,338.62984409846257,16.235534313569023,#536a79
KungFuPanda2,479.5355408697819,338.62984409846257,16.235534313569023,#536a79
SpiderManEdgeofTime,496.07107518335096,338.62984409846257,16.235534313569023,#38454f
AmericasArmyRiseofaSoldier,512.60660949692,338.62984409846257,16.235534313569023,#38454f
ArmoredCore4,529.142143810489,338.62984409846257,16.235534313569023,#38454f
FarCryInstinctsPredator,545.6776781240579,338.62984409846257,16.235534313569023,#38454f
GenmaOnimusha,562.2132124376269,338.62984409846257,16.235534313569023,#38454f
CommandConquer3KanesWrath,578.7487467511959,338.62984409846257,16.235534313569023,#38454f
AzurikRiseofPerathia,595.2842810647649,338.62984409846257,16.235534313569023,#38454f
ZumbaFitnessWorldParty,611.8198153783338,338.62984409846257,16.235534313569023,#38454f
4x4EVO2,628.3553496919028,338.62984409846257,16.235534313569023,#38454f
DreamcastCollection,644.8908840054718,338.62984409846257,16.235534313569023,#38454f
GIJoeTheRiseofCobra,661.4264183190407,338.62984409846257,16.235534313569023,#38454f
Fallout3GameAddOnPackBrokenSteelandPointLookout,677.9619526326097,338.62984409846257,16.235534313569023,#38454f
PictionaryUltimateEdition,49.61164871698718,355.1653784120316,16.235534313569023,#38454f
TheGodfatherUSOtherssales,66.1471830305562,355.1653784120316,16.235534313569023,#38454f
AfroSamurai,82.68271734412522,355.1653784120316,16.235534313569023,#38454f
DivinityIIEgoDraconis,99.21825165769425,355.1653784120316,16.235534313569023,#38454f
BuffytheVampireSlayer,115.75378597126328,355.1653784120316,16.235534313569023,#38454f
VivaPinataPartyAnimals,132.2893202848323,355.1653784120316,16.235534313569023,#38454f
WorldSeriesBaseball,148.82485459840134,355.1653784120316,16.235534313569023,#38454f
DiRTShowdown,165.36038891197038,355.1653784120316,16.235534313569023,#38454f
PussinBoots,181.8959232255394,355.1653784120316,16.235534313569023,#38454f
SoldierofFortuneIIDoubleHelix,198.43145753910844,355.1653784120316,16.235534313569023,#536a79
BicycleCasino2005,214.96699185267747,355.1653784120316,16.235534313569023,#536a79
ShellshockNam67,231.5025261662465,355.1653784120316,16.235534313569023,#536a79
Tropico3,248.03806047981553,355.1653784120316,16.235534313569023,#536a79
FullAuto,264.57359479338453,355.1653784120316,16.235534313569023,#536a79
OverGFighters,281.10912910695356,355.1653784120316,16.235534313569023,#536a79
BigLeagueSports,297.6446634205226,355.1653784120316,16.235534313569023,#536a79
CollegeHoops2K7,314.1801977340916,355.1653784120316,16.235534313569023,#536a79
Yoostar2,330.71573204766065,355.1653784120316,16.235534313569023,#536a79
TenchuReturnFromDarkness,347.2512663612297,355.1653784120316,16.235534313569023,#38454f
50CentBloodontheSand,363.7868006747987,355.1653784120316,16.235534313569023,#38454f
StateofDecay,380.32233498836774,355.1653784120316,16.235534313569023,#38454f
UnrealIITheAwakening,396.8578693019368,355.1653784120316,16.235534313569023,#536a79
VampireRain,413.3934036155058,355.1653784120316,16.235534313569023,#536a79
JSRFJetSetRadioFuture,429.92893792907483,355.1653784120316,16.235534313569023,#536a79
GregHastingsPaintball2,446.46447224264386,355.1653784120316,16.235534313569023,#536a79
StokEd,463.0000065562129,355.1653784120316,16.235534313569023,#536a79
CrazyTaxi3HighRoller,479.5355408697819,355.1653784120316,16.235534313569023,#536a79
JillianMichaelsFitnessAdventure,496.07107518335096,355.1653784120316,16.235534313569023,#38454f
DarkMessiahofMightandMagicElements,512.60660949692,355.1653784120316,16.235534313569023,#38454f
DarkStarOneBrokenAlliance,529.142143810489,355.1653784120316,16.235534313569023,#38454f
BodyandBrainConnection,545.6776781240579,355.1653784120316,16.235534313569023,#38454f
IHRADragRacing2004,562.2132124376269,355.1653784120316,16.235534313569023,#38454f
RidgeRacer6,578.7487467511959,355.1653784120316,16.235534313569023,#38454f
RecordofAgarestWar,595.2842810647649,355.1653784120316,16.235534313569023,#38454f
TetrisWorldsOnlineEdition,611.8198153783338,355.1653784120316,16.235534313569023,#38454f
SoldierofFortunePayback,628.3553496919028,355.1653784120316,16.235534313569023,#38454f
UFCTapout,644.8908840054718,355.1653784120316,16.235534313569023,#38454f
DanceMasters,661.4264183190407,355.1653784120316,16.235534313569023,#38454f
ConflictDeniedOps,677.9619526326097,355.1653784120316,16.235534313569023,#38454f
FighterWithin,49.61164871698718,371.70091272560063,16.235534313569023,#38454f
Sudeki,66.1471830305562,371.70091272560063,16.235534313569023,#38454f
SpongeBobsSurfSkateRoadtrip,82.68271734412522,371.70091272560063,16.235534313569023,#38454f
FaceBreaker,99.21825165769425,371.70091272560063,16.235534313569023,#38454f
Risen,115.75378597126328,371.70091272560063,16.235534313569023,#38454f
SegaGT2002,132.2893202848323,371.70091272560063,16.235534313569023,#38454f
DanceCentralSpotlight,148.82485459840134,371.70091272560063,16.235534313569023,#38454f
NBABallersChosenOne,165.36038891197038,371.70091272560063,16.235534313569023,#38454f
StarWarsTheCloneWarsTetrisWorlds,181.8959232255394,371.70091272560063,16.235534313569023,#38454f
CloseCombatFirsttoFight,198.43145753910844,371.70091272560063,16.235534313569023,#536a79
IndianaJonesandtheEmperorsTomb,214.96699185267747,371.70091272560063,16.235534313569023,#536a79
ShapeUp,231.5025261662465,371.70091272560063,16.235534313569023,#536a79
StarTrekLegacy,248.03806047981553,371.70091272560063,16.235534313569023,#536a79
AirForceDeltaStorm,264.57359479338453,371.70091272560063,16.235534313569023,#536a79
Syndicate,281.10912910695356,371.70091272560063,16.235534313569023,#536a79
ZumbaFitnessRush,297.6446634205226,371.70091272560063,16.235534313569023,#536a79
CallofJuarez,314.1801977340916,371.70091272560063,16.235534313569023,#536a79
Backbreaker,330.71573204766065,371.70091272560063,16.235534313569023,#536a79
TestDriveOffRoadWideOpen,347.2512663612297,371.70091272560063,16.235534313569023,#38454f
WorldofOutlawsSprintCars,363.7868006747987,371.70091272560063,16.235534313569023,#38454f
LipsPartyClassics,380.32233498836774,371.70091272560063,16.235534313569023,#38454f
Splatterhouse,396.8578693019368,371.70091272560063,16.235534313569023,#536a79
OtomediusExcellent,413.3934036155058,371.70091272560063,16.235534313569023,#536a79
CabelasBigGameHunterHuntingParty,429.92893792907483,371.70091272560063,16.235534313569023,#536a79
VelvetAssassin,446.46447224264386,371.70091272560063,16.235534313569023,#536a79
ProjectSpark,463.0000065562129,371.70091272560063,16.235534313569023,#536a79
RacePro,479.5355408697819,371.70091272560063,16.235534313569023,#536a79
NBAInsideDrive2004,496.07107518335096,371.70091272560063,16.235534313569023,#38454f
ExhibitionVolume02,512.60660949692,371.70091272560063,16.235534313569023,#38454f
NHL2K9,529.142143810489,371.70091272560063,16.235534313569023,#38454f
TopSpin2,545.6776781240579,371.70091272560063,16.235534313569023,#38454f
HunterTheReckoningRedeemer,562.2132124376269,371.70091272560063,16.235534313569023,#38454f
ThiefDeadlyShadows,578.7487467511959,371.70091272560063,16.235534313569023,#38454f
CountryDanceAllStars,595.2842810647649,371.70091272560063,16.235534313569023,#38454f
N3IINinetyNineNights,611.8198153783338,371.70091272560063,16.235534313569023,#38454f
FairytaleFights,628.3553496919028,371.70091272560063,16.235534313569023,#38454f
Gunvalkyrie,644.8908840054718,371.70091272560063,16.235534313569023,#38454f
FuzionFrenzy2,661.4264183190407,371.70091272560063,16.235534313569023,#38454f
NASCAR14,677.9619526326097,371.70091272560063,16.235534313569023,#38454f
NavalAssaultTheKillingTide,694.4974869461787,371.70091272560063,16.235534313569023,#38454f
NASCAR15,33.07611440341816,388.23644703916966,16.235534313569023,#38454f
BloodBowl,49.61164871698718,388.23644703916966,16.235534313569023,#38454f
LeisureSuitLarryBoxOfficeBust,66.1471830305562,388.23644703916966,16.235534313569023,#38454f
MagicTheGatheringBattlegrounds,82.68271734412522,388.23644703916966,16.235534313569023,#38454f
GreaseDance,99.21825165769425,388.23644703916966,16.235534313569023,#38454f
CuldceptSAGA,115.75378597126328,388.23644703916966,16.235534313569023,#38454f
WorldSeriesofPokerTournamentofChampions2007Edition,132.2893202848323,388.23644703916966,16.235534313569023,#38454f
JustDanceDisneyParty,148.82485459840134,388.23644703916966,16.235534313569023,#38454f
BCFXTheBlackCollegeFootballXperienceTheDougWilliamsEdition,165.36038891197038,388.23644703916966,16.235534313569023,#38454f
Amped3,181.8959232255394,388.23644703916966,16.235534313569023,#38454f
HaloTriplePack,198.43145753910844,388.23644703916966,16.235534313569023,#38454f
JurassicParkTheGame,214.96699185267747,388.23644703916966,16.235534313569023,#38454f
SherlockHolmesvsJacktheRipper,231.5025261662465,388.23644703916966,16.235534313569023,#38454f
Blinx2MastersofTimeSpace,248.03806047981553,388.23644703916966,16.235534313569023,#536a79
FantasiaMusicEvolved,264.57359479338453,388.23644703916966,16.235534313569023,#536a79
KingdomUnderFireHeroes,281.10912910695356,388.23644703916966,16.235534313569023,#536a79
ProjectSylpheedArcofDeception,297.6446634205226,388.23644703916966,16.235534313569023,#38454f
SeriousSam,314.1801977340916,388.23644703916966,16.235534313569023,#38454f
ShadowOpsRedMercury,330.71573204766065,388.23644703916966,16.235534313569023,#38454f
FIFA06RoadtoFIFAWorldCup,347.2512663612297,388.23644703916966,16.235534313569023,#38454f
FinalFantasyXIVanadielCollection2008,363.7868006747987,388.23644703916966,16.235534313569023,#38454f
RockBandMetalTrackPack,380.32233498836774,388.23644703916966,16.235534313569023,#38454f
MadDashRacing,396.8578693019368,388.23644703916966,16.235534313569023,#38454f
GuiltyGearX2Reload,413.3934036155058,388.23644703916966,16.235534313569023,#536a79
ReCore,429.92893792907483,388.23644703916966,16.235534313569023,#536a79
GrabbedbytheGhoulies,446.46447224264386,388.23644703916966,16.235534313569023,#536a79
AdrenalinMisfits,463.0000065562129,388.23644703916966,16.235534313569023,#536a79
OutRun2,479.5355408697819,388.23644703916966,16.235534313569023,#536a79
CabelasAfricanSafari,496.07107518335096,388.23644703916966,16.235534313569023,#38454f
JustCause,512.60660949692,388.23644703916966,16.235534313569023,#38454f
XBlades,529.142143810489,388.23644703916966,16.235534313569023,#38454f
Enclave,545.6776781240579,388.23644703916966,16.235534313569023,#38454f
DinoCrisis3,562.2132124376269,388.23644703916966,16.235534313569023,#38454f
LetsCheer,578.7487467511959,388.23644703916966,16.235534313569023,#38454f
TheHistoryChannelCivilWarANationDivided,595.2842810647649,388.23644703916966,16.235534313569023,#38454f
LipsILoveThe80s,611.8198153783338,388.23644703916966,16.235534313569023,#38454f
NCIS,628.3553496919028,388.23644703916966,16.235534313569023,#38454f
Apex,644.8908840054718,388.23644703916966,16.235534313569023,#38454f
MotoGP06,661.4264183190407,388.23644703916966,16.235534313569023,#38454f
HulkHogansMainEvent,677.9619526326097,388.23644703916966,16.235534313569023,#38454f
DivinityIITheDragonKnightSaga,694.4974869461787,388.23644703916966,16.235534313569023,#38454f
NHL2K8,33.07611440341816,404.7719813527387,16.235534313569023,#38454f
SupermanTheManofSteel,49.61164871698718,404.7719813527387,16.235534313569023,#38454f
FatalInertia,66.1471830305562,404.7719813527387,16.235534313569023,#38454f
KungFuHighImpact,82.68271734412522,404.7719813527387,16.235534313569023,#38454f
RumbleRosesXX,99.21825165769425,404.7719813527387,16.235534313569023,#38454f
HasbroFamilyFunPack,115.75378597126328,404.7719813527387,16.235534313569023,#38454f
Venetica,132.2893202848323,404.7719813527387,16.235534313569023,#38454f
CabelasAlaskanAdventure,148.82485459840134,404.7719813527387,16.235534313569023,#38454f
RollerCoasterTycoon,165.36038891197038,404.7719813527387,16.235534313569023,#38454f
NightCaster,181.8959232255394,404.7719813527387,16.235534313569023,#38454f
BorderlandsDoubleGameAddOnPack,198.43145753910844,404.7719813527387,16.235534313569023,#38454f
DestroyAllHumansPathoftheFuron,214.96699185267747,404.7719813527387,16.235534313569023,#38454f
OtogiMythofDemons,231.5025261662465,404.7719813527387,16.235534313569023,#38454f
MonsterHunterFrontierOnline,248.03806047981553,404.7719813527387,16.235534313569023,#536a79
SteelBattalionHeavyArmor,264.57359479338453,404.7719813527387,16.235534313569023,#536a79
OnechanbaraBikiniSamuraiSquad,281.10912910695356,404.7719813527387,16.235534313569023,#536a79
VictoriousTimetoShine,297.6446634205226,404.7719813527387,16.235534313569023,#38454f
AdventRising,314.1801977340916,404.7719813527387,16.235534313569023,#38454f
TwisterMania,330.71573204766065,404.7719813527387,16.235534313569023,#38454f
FuseInsomniac,347.2512663612297,404.7719813527387,16.235534313569023,#38454f
HourofVictory,363.7868006747987,404.7719813527387,16.235534313569023,#38454f
QuantumRedshift,380.32233498836774,404.7719813527387,16.235534313569023,#38454f
TheHistoryChannelGreatBattlesMedieval,396.8578693019368,404.7719813527387,16.235534313569023,#38454f
ArmedandDangerous,413.3934036155058,404.7719813527387,16.235534313569023,#38454f
SCOREInternationalBaja1000TheOfficialGame,429.92893792907483,404.7719813527387,16.235534313569023,#536a79
VoodooVince,446.46447224264386,404.7719813527387,16.235534313569023,#536a79
Blackwater,463.0000065562129,404.7719813527387,16.235534313569023,#536a79
ChaseHollywoodStuntDriver,479.5355408697819,404.7719813527387,16.235534313569023,#38454f
CelDamage,496.07107518335096,404.7719813527387,16.235534313569023,#38454f
DanceParadise,512.60660949692,404.7719813527387,16.235534313569023,#38454f
Breakdown,529.142143810489,404.7719813527387,16.235534313569023,#38454f
Psychonauts,545.6776781240579,404.7719813527387,16.235534313569023,#38454f
MLBInsidePitch2003,562.2132124376269,404.7719813527387,16.235534313569023,#38454f
RaidenIV,578.7487467511959,404.7719813527387,16.235534313569023,#38454f
CSICrimeSceneInvestigation,595.2842810647649,404.7719813527387,16.235534313569023,#38454f
SelfDefenseTrainingCamp,611.8198153783338,404.7719813527387,16.235534313569023,#38454f
DeadMansHand,628.3553496919028,404.7719813527387,16.235534313569023,#38454f
ToeJamEarlIIIMissiontoEarth,644.8908840054718,404.7719813527387,16.235534313569023,#38454f
MonsterMadnessBattleforSuburbia,661.4264183190407,404.7719813527387,16.235534313569023,#38454f
BloodDrive,677.9619526326097,404.7719813527387,16.235534313569023,#38454f
PhantomDust,694.4974869461787,404.7719813527387,16.235534313569023,#38454f
StubbstheZombieinRebelWithoutaPulse,33.07611440341816,421.3075156663077,16.235534313569023,#38454f
BatmanDarkTomorrow,49.61164871698718,421.3075156663077,16.235534313569023,#38454f
WarhammerBattleMarch,66.1471830305562,421.3075156663077,16.235534313569023,#38454f
SpyvsSpy,82.68271734412522,421.3075156663077,16.235534313569023,#38454f
MurakumoRenegadeMechPursuit,99.21825165769425,421.3075156663077,16.235534313569023,#38454f
GunMetal,115.75378597126328,421.3075156663077,16.235534313569023,#38454f
TruthorLies,132.2893202848323,421.3075156663077,16.235534313569023,#38454f
OutlawGolfNineHolesofChristmas,148.82485459840134,421.3075156663077,16.235534313569023,#38454f
NHLRivals2004,165.36038891197038,421.3075156663077,16.235534313569023,#38454f
MichaelPhelpsPushtheLimit,181.8959232255394,421.3075156663077,16.235534313569023,#38454f
SmashCourtTennis3,198.43145753910844,421.3075156663077,16.235534313569023,#38454f
HoleintheWallDeluxeEdition,214.96699185267747,421.3075156663077,16.235534313569023,#38454f
ThePenguinsofMadagascarDrBlowholeReturnsAgain,231.5025261662465,421.3075156663077,16.235534313569023,#38454f
TetrisEvolution,248.03806047981553,421.3075156663077,16.235534313569023,#536a79
FlatOutUltimateCarnage,264.57359479338453,421.3075156663077,16.235534313569023,#536a79
PacManandtheGhostlyAdventures2,281.10912910695356,421.3075156663077,16.235534313569023,#536a79
UFCTapout2,297.6446634205226,421.3075156663077,16.235534313569023,#38454f
Pariah,314.1801977340916,421.3075156663077,16.235534313569023,#38454f
CabelasOutdoorAdventures,330.71573204766065,421.3075156663077,16.235534313569023,#38454f
MetalSlug3,347.2512663612297,421.3075156663077,16.235534313569023,#38454f
TheFirstTemplar,363.7868006747987,421.3075156663077,16.235534313569023,#38454f
BladesofTime,380.32233498836774,421.3075156663077,16.235534313569023,#38454f
UniverseatWarEarthAssault,396.8578693019368,421.3075156663077,16.235534313569023,#38454f
NASCARTheGameInsideLine,413.3934036155058,421.3075156663077,16.235534313569023,#38454f
Fallout3GameAddOnPackThePittandOperationAnchorage,429.92893792907483,421.3075156663077,16.235534313569023,#38454f
SNKvsCapcomSVCChaos,446.46447224264386,421.3075156663077,16.235534313569023,#38454f
BulletWitch,463.0000065562129,421.3075156663077,16.235534313569023,#38454f
SilentScopeComplete,479.5355408697819,421.3075156663077,16.235534313569023,#38454f
TomClancysClassicTrilogy,496.07107518335096,421.3075156663077,16.235534313569023,#38454f
LittleLeagueWorldSeriesBaseball2010,512.60660949692,421.3075156663077,16.235534313569023,#38454f
Sneakers,529.142143810489,421.3075156663077,16.235534313569023,#38454f
ExhibitionVolume03,545.6776781240579,421.3075156663077,16.235534313569023,#38454f
WhoWantstoBeAMillionaire,562.2132124376269,421.3075156663077,16.235534313569023,#38454f
ManvsWild,578.7487467511959,421.3075156663077,16.235534313569023,#38454f
WatchmenTheEndisNighPart12,595.2842810647649,421.3075156663077,16.235534313569023,#38454f
MotoGP2,611.8198153783338,421.3075156663077,16.235534313569023,#38454f
SteelBattalion,628.3553496919028,421.3075156663077,16.235534313569023,#38454f
DarkestofDays,644.8908840054718,421.3075156663077,16.235534313569023,#38454f
Whacked,661.4264183190407,421.3075156663077,16.235534313569023,#38454f
FieldStreamTotalOutdoorsmanChallenge,677.9619526326097,421.3075156663077,16.235534313569023,#38454f
RavenSquadOperationHiddenDagger,694.4974869461787,421.3075156663077,16.235534313569023,#38454f
NinjaGaidenBlack,33.07611440341816,437.84304997987675,16.235534313569023,#38454f
YourselfFitness,49.61164871698718,437.84304997987675,16.235534313569023,#38454f
NewLegends,66.1471830305562,437.84304997987675,16.235534313569023,#38454f
JimmieJohnsonsAnythingWithanEngine,82.68271734412522,437.84304997987675,16.235534313569023,#38454f
ImportTunerChallengeAmericansales,99.21825165769425,437.84304997987675,16.235534313569023,#38454f
SpongeBobHeroPants,115.75378597126328,437.84304997987675,16.235534313569023,#38454f
ZoidsAssault,132.2893202848323,437.84304997987675,16.235534313569023,#38454f
SupremeCommander,148.82485459840134,437.84304997987675,16.235534313569023,#38454f
TransworldSnowboarding,165.36038891197038,437.84304997987675,16.235534313569023,#38454f
CrimsonSea,181.8959232255394,437.84304997987675,16.235534313569023,#38454f
SpectralForce3,198.43145753910844,437.84304997987675,16.235534313569023,#38454f
BattleFantasia,214.96699185267747,437.84304997987675,16.235534313569023,#38454f
ShellShock2BloodTrails,231.5025261662465,437.84304997987675,16.235534313569023,#38454f
FEARFiles,248.03806047981553,437.84304997987675,16.235534313569023,#38454f
AmericasArmyTrueSoldiers,264.57359479338453,437.84304997987675,16.235534313569023,#38454f
RaidenFightersAces,281.10912910695356,437.84304997987675,16.235534313569023,#38454f
SegaGTOnline,297.6446634205226,437.84304997987675,16.235534313569023,#38454f
PrisonerofWar,314.1801977340916,437.84304997987675,16.235534313569023,#38454f
KonamiClassicsVol1,330.71573204766065,437.84304997987675,16.235534313569023,#38454f
SteinsGateHiyokuRenrinoDarling,347.2512663612297,437.84304997987675,16.235534313569023,#38454f
Qubed,363.7868006747987,437.84304997987675,16.235534313569023,#38454f
SamuraiShodownSen,380.32233498836774,437.84304997987675,16.235534313569023,#38454f
EarthDefenseForce2017,396.8578693019368,437.84304997987675,16.235534313569023,#38454f
IndycarSeries2005,413.3934036155058,437.84304997987675,16.235534313569023,#38454f
TheIdolmster,429.92893792907483,437.84304997987675,16.235534313569023,#38454f
InfernalHellsVengeance,446.46447224264386,437.84304997987675,16.235534313569023,#38454f
FarCryInstinctsEvolution,463.0000065562129,437.84304997987675,16.235534313569023,#38454f
KillerInstinct2013,479.5355408697819,437.84304997987675,16.235534313569023,#38454f
DamageIncPacificSquadronWWII,496.07107518335096,437.84304997987675,16.235534313569023,#38454f
TheIdolmsterLiveforYou,512.60660949692,437.84304997987675,16.235534313569023,#38454f
StillLife,529.142143810489,437.84304997987675,16.235534313569023,#38454f
MaximumChase,545.6776781240579,437.84304997987675,16.235534313569023,#38454f
KengoLegendofThe9,562.2132124376269,437.84304997987675,16.235534313569023,#38454f
CombatTaskForce121,578.7487467511959,437.84304997987675,16.235534313569023,#38454f
ExhibitionVolume4,595.2842810647649,437.84304997987675,16.235534313569023,#38454f
CircusMaximusChariotWars,611.8198153783338,437.84304997987675,16.235534313569023,#38454f
OperationDarkness,628.3553496919028,437.84304997987675,16.235534313569023,#38454f
YoostaronMTV,644.8908840054718,437.84304997987675,16.235534313569023,#38454f
LoonsTheFightForFame,661.4264183190407,437.84304997987675,16.235534313569023,#38454f
Totaled,677.9619526326097,437.84304997987675,16.235534313569023,#38454f
Drakeofthe99Dragons,694.4974869461787,437.84304997987675,16.235534313569023,#38454f
XboxLiveArcadeUnpluggedVolume1,33.07611440341816,454.3785842934458,16.235534313569023,#38454f
WorldRacing,49.61164871698718,454.3785842934458,16.235534313569023,#38454f
Mayhem3D,66.1471830305562,454.3785842934458,16.235534313569023,#38454f
DreamCClub,82.68271734412522,454.3785842934458,16.235534313569023,#38454f
WingsofWar,99.21825165769425,454.3785842934458,16.235534313569023,#38454f
KabukiWarriors,115.75378597126328,454.3785842934458,16.235534313569023,#38454f
MotionExplosion,132.2893202848323,454.3785842934458,16.235534313569023,#38454f
DeathrowUndergroundTeamCombat,148.82485459840134,454.3785842934458,16.235534313569023,#38454f
LandoftheDeadRoadtoFiddlersGreen,165.36038891197038,454.3785842934458,16.235534313569023,#38454f
NHLLegacy,181.8959232255394,454.3785842934458,16.235534313569023,#38454f
MonsterGarage,198.43145753910844,454.3785842934458,16.235534313569023,#38454f
AkaiKatanaShin,214.96699185267747,454.3785842934458,16.235534313569023,#38454f
TecmoClassicArcade,231.5025261662465,454.3785842934458,16.235534313569023,#38454f
MXvsATVSupercross,248.03806047981553,454.3785842934458,16.235534313569023,#38454f
CallofCthulhuDarkCornersoftheEarth,264.57359479338453,454.3785842934458,16.235534313569023,#38454f
SeriousSamII,281.10912910695356,454.3785842934458,16.235534313569023,#38454f
ExhibitionVolume5,297.6446634205226,454.3785842934458,16.235534313569023,#38454f
SplatRenegadePaintball,314.1801977340916,454.3785842934458,16.235534313569023,#38454f
CallofDutyTheWarCollection,330.71573204766065,454.3785842934458,16.235534313569023,#38454f
BraveAWarriorsTale,347.2512663612297,454.3785842934458,16.235534313569023,#38454f
TopGunHardLock,363.7868006747987,454.3785842934458,16.235534313569023,#38454f
MobileOpsTheOneYearWar,380.32233498836774,454.3785842934458,16.235534313569023,#38454f
TomClancysRainbowSixCriticalHour,396.8578693019368,454.3785842934458,16.235534313569023,#38454f
RidetoHell,413.3934036155058,454.3785842934458,16.235534313569023,#38454f
HailtotheChimp,429.92893792907483,454.3785842934458,16.235534313569023,#38454f
SeaBlade,446.46447224264386,454.3785842934458,16.235534313569023,#38454f
Carve,463.0000065562129,454.3785842934458,16.235534313569023,#38454f
DragonsLair3DReturntotheLair,479.5355408697819,454.3785842934458,16.235534313569023,#38454f
MystIVRevelation,496.07107518335096,454.3785842934458,16.235534313569023,#38454f
UEFAChampionsLeague20062007,512.60660949692,454.3785842934458,16.235534313569023,#38454f
TheIdolmaster2,529.142143810489,454.3785842934458,16.235534313569023,#38454f
Otogi2ImmortalWarriors,545.6776781240579,454.3785842934458,16.235534313569023,#38454f
UltraBustAMove,562.2132124376269,454.3785842934458,16.235534313569023,#38454f
DoDonPachiResurrection,578.7487467511959,454.3785842934458,16.235534313569023,#38454f
MorphX,595.2842810647649,454.3785842934458,16.235534313569023,#38454f
PhantomCrash,611.8198153783338,454.3785842934458,16.235534313569023,#38454f
RBIBaseball2016,628.3553496919028,454.3785842934458,16.235534313569023,#38454f
ArxFatalis,644.8908840054718,454.3785842934458,16.235534313569023,#38454f
TourdeFrance2011,661.4264183190407,454.3785842934458,16.235534313569023,#38454f
DeadliestCatchAlaskanStorm,677.9619526326097,454.3785842934458,16.235534313569023,#38454f
CrimeLifeGangWars,694.4974869461787,454.3785842934458,16.235534313569023,#38454f
FatalFrameIICrimsonButterflyDirectorsCut,711.0330212597477,454.3785842934458,16.235534313569023,#38454f
TheLordoftheRingsTheBattleforMiddleEarthII,33.07611440341816,470.9141186070148,16.235534313569023,#38454f
ColinMcRaeRally2005,49.61164871698718,470.9141186070148,16.235534313569023,#38454f
SecretService,66.1471830305562,470.9141186070148,16.235534313569023,#38454f
KakutoChojin,82.68271734412522,470.9141186070148,16.235534313569023,#38454f
RazesHell,99.21825165769425,470.9141186070148,16.235534313569023,#38454f
ShinMegamiTenseiNINE,115.75378597126328,470.9141186070148,16.235534313569023,#38454f
TestDriveFerrariLegends,132.2893202848323,470.9141186070148,16.235534313569023,#38454f
NightCasterIIEquinox,148.82485459840134,470.9141186070148,16.235534313569023,#38454f
MikeTysonHeavyweightBoxing,165.36038891197038,470.9141186070148,16.235534313569023,#38454f
LipsDeutschePartyknaller,181.8959232255394,470.9141186070148,16.235534313569023,#38454f
Yager,198.43145753910844,470.9141186070148,16.235534313569023,#38454f
ForzaMotorsport3UltimateEdition,214.96699185267747,470.9141186070148,16.235534313569023,#38454f
OperationFlashpointElite,231.5025261662465,470.9141186070148,16.235534313569023,#38454f
TOCARaceDriver2,248.03806047981553,470.9141186070148,16.235534313569023,#38454f
DaiSenryakuVIIModernMilitaryTactics,264.57359479338453,470.9141186070148,16.235534313569023,#38454f
WarTechSenkonoRonde,281.10912910695356,470.9141186070148,16.235534313569023,#38454f
SXSuperstar,297.6446634205226,470.9141186070148,16.235534313569023,#38454f
NikeKinectTraining,314.1801977340916,470.9141186070148,16.235534313569023,#38454f
BloodyRoarExtreme,330.71573204766065,470.9141186070148,16.235534313569023,#38454f
TennisMastersSeries2003,347.2512663612297,470.9141186070148,16.235534313569023,#38454f
DeadliestWarriorAncientCombat,363.7868006747987,470.9141186070148,16.235534313569023,#38454f
CallofDutyModernWarfareTrilogy,380.32233498836774,470.9141186070148,16.235534313569023,#38454f
PopCapArcadeVol1,396.8578693019368,470.9141186070148,16.235534313569023,#38454f
MLB2K12NBA2K12ComboPack,413.3934036155058,470.9141186070148,16.235534313569023,#38454f
ShatteredUnion,429.92893792907483,470.9141186070148,16.235534313569023,#38454f
GalGun,446.46447224264386,470.9141186070148,16.235534313569023,#38454f
Worms4Mayhem,463.0000065562129,470.9141186070148,16.235534313569023,#38454f
PurePinball,479.5355408697819,470.9141186070148,16.235534313569023,#38454f
PhantomBreaker,496.07107518335096,470.9141186070148,16.235534313569023,#38454f
BombermanActZero,512.60660949692,470.9141186070148,16.235534313569023,#38454f
DreamfallTheLongestJourney,529.142143810489,470.9141186070148,16.235534313569023,#38454f
StokedBigAirEdition,545.6776781240579,470.9141186070148,16.235534313569023,#38454f
MonsterHunterFrontierOnlineSeason90,562.2132124376269,470.9141186070148,16.235534313569023,#38454f
ChaosHeadNoah,578.7487467511959,470.9141186070148,16.235534313569023,#38454f
BeatdownFistsofVengeance,595.2842810647649,470.9141186070148,16.235534313569023,#38454f
EspgaludaIIBlackLabel,611.8198153783338,470.9141186070148,16.235534313569023,#38454f
BlackStoneMagicSteel,628.3553496919028,470.9141186070148,16.235534313569023,#38454f
PainkillerHellWars,644.8908840054718,470.9141186070148,16.235534313569023,#38454f
SpecialForcesNemesisStrike,661.4264183190407,470.9141186070148,16.235534313569023,#38454f
DreamCClubZero,677.9619526326097,470.9141186070148,16.235534313569023,#38454f
ProjectGothamRacing2JPweeklysales,694.4974869461787,470.9141186070148,16.235534313569023,#38454f
CrashTimeAutobahnPusuit,711.0330212597477,470.9141186070148,16.235534313569023,#38454f
GunGriffonAlliedStrike,33.07611440341816,487.44965292058384,16.235534313569023,#38454f
PopCapArcadeVol2,49.61164871698718,487.44965292058384,16.235534313569023,#38454f
Majesty2TheFantasyKingdomSim,66.1471830305562,487.44965292058384,16.235534313569023,#38454f
TorkPrehistoricPunk,82.68271734412522,487.44965292058384,16.235534313569023,#38454f
SummerAthletics2009,99.21825165769425,487.44965292058384,16.235534313569023,#38454f
MushihimesamaFutariVer15,115.75378597126328,487.44965292058384,16.235534313569023,#38454f
OtomediusGorgeous,132.2893202848323,487.44965292058384,16.235534313569023,#38454f
FastFuriousShowdown,148.82485459840134,487.44965292058384,16.235534313569023,#38454f
GalleonIslandsofMystery,165.36038891197038,487.44965292058384,16.235534313569023,#38454f
DennouSenkiVirtualOnForce,181.8959232255394,487.44965292058384,16.235534313569023,#38454f
SenkonoRondeDUO,198.43145753910844,487.44965292058384,16.235534313569023,#38454f
MonsterHunterFrontierOnlineSeason10,529.142143810489,487.44965292058384,16.235534313569023,#38454f
VirtualPoolTournamentEdition,545.6776781240579,487.44965292058384,16.235534313569023,#38454f
MetalDungeon,562.2132124376269,487.44965292058384,16.235534313569023,#38454f
TriplePackXboxLiveArcadeCompilation,578.7487467511959,487.44965292058384,16.235534313569023,#38454f
DeathSmilesII,595.2842810647649,487.44965292058384,16.235534313569023,#38454f
Whiteout,611.8198153783338,487.44965292058384,16.235534313569023,#38454f
SyberiaII,628.3553496919028,487.44965292058384,16.235534313569023,#38454f
MotorTrendpresentsLotusChallenge,644.8908840054718,487.44965292058384,16.235534313569023,#38454f
MonsterHunterFrontierOnlineForward1,661.4264183190407,487.44965292058384,16.235534313569023,#38454f
ProCastSportsFishing,677.9619526326097,487.44965292058384,16.235534313569023,#38454f
RugbyLeagueLive,694.4974869461787,487.44965292058384,16.235534313569023,#38454f
WorldWarIICombatRoadToBerlin,711.0330212597477,487.44965292058384,16.235534313569023,#38454f
TheKingofFightersMaximumImpactManiax,33.07611440341816,503.9851872341529,16.235534313569023,#38454f
MonsterHunterFrontierOnlineForward2,49.61164871698718,503.9851872341529,16.235534313569023,#38454f
RoomZoomRaceforImpact,66.1471830305562,503.9851872341529,16.235534313569023,#38454f
DoDonPachiDaiOujouBlackLabelExtra,82.68271734412522,503.9851872341529,16.235534313569023,#38454f
StakeFortuneFighters,99.21825165769425,503.9851872341529,16.235534313569023,#38454f
AlienBreedTrilogy,115.75378597126328,503.9851872341529,16.235534313569023,#38454f
ColdWar,132.2893202848323,503.9851872341529,16.235534313569023,#38454f
SteelBattalionLineofContact,148.82485459840134,503.9851872341529,16.235534313569023,#38454f
PopCapHitsVol2,165.36038891197038,503.9851872341529,16.235534313569023,#38454f
CapcomDigitalCollection,181.8959232255394,503.9851872341529,16.235534313569023,#38454f
11eyesCrossOver,562.2132124376269,503.9851872341529,16.235534313569023,#38454f
CrossChannelInMemoryofAllPeople,578.7487467511959,503.9851872341529,16.235534313569023,#38454f
RapalaforKinect,595.2842810647649,503.9851872341529,16.235534313569023,#38454f
ToxicGrind,611.8198153783338,503.9851872341529,16.235534313569023,#38454f
ScrapLand,628.3553496919028,503.9851872341529,16.235534313569023,#38454f
Indianapolis500Evolution,644.8908840054718,503.9851872341529,16.235534313569023,#38454f
SeriousSamHDGoldEdition,661.4264183190407,503.9851872341529,16.235534313569023,#38454f
SamuraiShodownV,677.9619526326097,503.9851872341529,16.235534313569023,#38454f
ProFishingChallenge,694.4974869461787,503.9851872341529,16.235534313569023,#38454f
KnightsApprenticeMemoricksAdventures,711.0330212597477,503.9851872341529,16.235534313569023,#38454f
IronPhoenix,33.07611440341816,520.5207215477219,16.235534313569023,#38454f
GroupSChallenge,49.61164871698718,520.5207215477219,16.235534313569023,#38454f
GuesstheLogos,66.1471830305562,520.5207215477219,16.235534313569023,#38454f
OrenoYomeAnataDakenoHanayome,82.68271734412522,520.5207215477219,16.235534313569023,#38454f
TheKingofFightersNeoWave,99.21825165769425,520.5207215477219,16.235534313569023,#38454f
MeikyuuCrossBloodReloaded,115.75378597126328,520.5207215477219,16.235534313569023,#38454f
ChicagoEnforcer,132.2893202848323,520.5207215477219,16.235534313569023,#38454f
CarmageddonMaxDamage,148.82485459840134,520.5207215477219,16.235534313569023,#38454f
MuchiMuchiPorkPinkSweets,578.7487467511959,520.5207215477219,16.235534313569023,#38454f
Mushihimesama,595.2842810647649,520.5207215477219,16.235534313569023,#38454f
BrokenSwordTheSleepingDragon,611.8198153783338,520.5207215477219,16.235534313569023,#38454f
PopCapHits,628.3553496919028,520.5207215477219,16.235534313569023,#38454f
KetsuiKizunaJigokuTachiExtra,644.8908840054718,520.5207215477219,16.235534313569023,#38454f
RoboCop,661.4264183190407,520.5207215477219,16.235534313569023,#38454f
PulseRacer,677.9619526326097,520.5207215477219,16.235534313569023,#38454f
TopGearRPMTuning,694.4974869461787,520.5207215477219,16.235534313569023,#38454f
MemoriesOffYubikirinoKioku,711.0330212597477,520.5207215477219,16.235534313569023,#38454f
ArmyMenMajorMalfunction,33.07611440341816,537.0562558612909,16.235534313569023,#38454f
ExhibitionVolume6,49.61164871698718,537.0562558612909,16.235534313569023,#38454f
WLOSekaiRenaiKikousen,66.1471830305562,537.0562558612909,16.235534313569023,#38454f
FinalFantasyXIAllInOnePack2006,82.68271734412522,537.0562558612909,16.235534313569023,#38454f
EarthDefenseForce2017oldJPsales,99.21825165769425,537.0562558612909,16.235534313569023,#38454f
PacManChampionshipEdition2ArcadeGameSeries,115.75378597126328,537.0562558612909,16.235534313569023,#38454f
SharinnoKuniHimawarinoShoujo,132.2893202848323,537.0562558612909,16.235534313569023,#38454f
FootballManager2007,595.2842810647649,537.0562558612909,16.235534313569023,#38454f
TomClancysGhostReconAdvancedWarfighterweeklyJPsales,611.8198153783338,537.0562558612909,16.235534313569023,#38454f
InstantBrain,628.3553496919028,537.0562558612909,16.235534313569023,#38454f
SuperRobotTaisenXO,644.8908840054718,537.0562558612909,16.235534313569023,#38454f
AquamanBattleforAtlantis,661.4264183190407,537.0562558612909,16.235534313569023,#38454f
PsychoPass,677.9619526326097,537.0562558612909,16.235534313569023,#38454f
GrooveriderSlotCarThunder,694.4974869461787,537.0562558612909,16.235534313569023,#38454f
KonamiClassicsVol2,33.07611440341816,553.5917901748599,16.235534313569023,#38454f
DoDonPachiSaidaioujou,49.61164871698718,553.5917901748599,16.235534313569023,#38454f
FuriousKarting,66.1471830305562,553.5917901748599,16.235534313569023,#38454f
EntakunoSeitoStudentsofRound,82.68271734412522,553.5917901748599,16.235534313569023,#38454f
Caladrius,99.21825165769425,553.5917901748599,16.235534313569023,#38454f
NoFateOnlythePowerofWill,115.75378597126328,553.5917901748599,16.235534313569023,#38454f
MamorukunwaNorowareteShimatta,611.8198153783338,553.5917901748599,16.235534313569023,#38454f
RootDoubleBeforeCrimeAfterDays,628.3553496919028,553.5917901748599,16.235534313569023,#38454f
GoatSimulator,644.8908840054718,553.5917901748599,16.235534313569023,#38454f
RalliSportChallengeJPsales,661.4264183190407,553.5917901748599,16.235534313569023,#38454f
CrossEdgeDash,677.9619526326097,553.5917901748599,16.235534313569023,#38454f
TimeLeap,694.4974869461787,553.5917901748599,16.235534313569023,#38454f
ShinSangokuMusou4Special,49.61164871698718,570.1273244884288,16.235534313569023,#38454f
BulletSoulTamaTamashii,66.1471830305562,570.1273244884288,16.235534313569023,#38454f
DoDonPachiDaifukkatsuBlackLabel,82.68271734412522,570.1273244884288,16.235534313569023,#38454f
DragonBallZforKinect,99.21825165769425,570.1273244884288,16.235534313569023,#38454f
LMAManager2007,628.3553496919028,570.1273244884288,16.235534313569023,#38454f
