id,x,y
KinectAdventures,147.0016396389883,156.516
CallofDutyModernWarfare3,171.5016396389883,156.516
CallofDutyBlackOps,196.0016396389883,156.516
CallofDutyModernWarfare2,220.5016396389883,156.516
Halo3,245.0016396389883,156.516
GrandTheftAutoIV,269.5016396389883,156.516
CallofDutyGhosts,294.0016396389883,156.516
HaloReach,318.5016396389883,156.516
Halo4,759.5016396389883,156.516
CallofDuty4ModernWarfare,784.0016396389883,156.516
Minecraft,808.5016396389883,156.516
TheElderScrollsVSkyrim,833.0016396389883,156.516
Halo2,857.5016396389883,156.516
CallofDutyWorldatWar,882.0016396389883,156.516
Battlefield3,906.5016396389883,156.516
GearsofWar2,122.50163963898831,181.016
HaloCombatEvolved,147.0016396389883,181.016
Halo3ODST,171.5016396389883,181.016
GearsofWar3,196.0016396389883,181.016
KinectSports,220.5016396389883,181.016
GearsofWar,245.0016396389883,181.016
AssassinsCreed,269.5016396389883,181.016
ForzaMotorsport3,294.0016396389883,181.016
FableIII,318.5016396389883,181.016
Fallout3,735.0016396389883,181.016
ForzaMotorsport4,759.5016396389883,181.016
Halo5Guardians,784.0016396389883,181.016
TheElderScrollsIVOblivion,808.5016396389883,181.016
FableII,833.0016396389883,181.016
FalloutNewVegas,857.5016396389883,181.016
ForzaMotorsport2,882.0016396389883,181.016
Left4Dead2,906.5016396389883,181.016
LEGOIndianaJonesTheOriginalAdventures,931.0016396389883,181.016
Left4Dead,955.5016396389883,181.016
AssassinsCreedBrotherhood,98.00163963898831,205.516
BattlefieldBadCompany2,122.50163963898831,205.516
Borderlands,147.0016396389883,205.516
LEGOBatmanTheVideogame,171.5016396389883,205.516
GearsofWarUltimateEdition,196.0016396389883,205.516
HaloTheMasterChiefCollection,220.5016396389883,205.516
DanceCentral,245.0016396389883,205.516
MassEffect2,269.5016396389883,205.516
Borderlands2,294.0016396389883,205.516
KungFuPanda,318.5016396389883,205.516
MassEffect3,343.0016396389883,205.516
SaintsRow2,735.0016396389883,205.516
TomClancysSplinterCell,759.5016396389883,205.516
NBA2K13,784.0016396389883,205.516
Titanfall,808.5016396389883,205.516
MassEffect,833.0016396389883,205.516
SegaSuperstarsTennis,857.5016396389883,205.516
MaddenNFL13,882.0016396389883,205.516
TheElderScrollsIIIMorrowind,906.5016396389883,205.516
MaddenNFL10,931.0016396389883,205.516
BioShock,955.5016396389883,205.516
StarWarsTheForceUnleashed,98.00163963898831,230.016
SaintsRowTheThird,122.50163963898831,230.016
CallofDuty3,147.0016396389883,230.016
MaddenNFL12,171.5016396389883,230.016
MaddenNFL11,196.0016396389883,230.016
Fable,220.5016396389883,230.016
Skate3,245.0016396389883,230.016
HaloWars,269.5016396389883,230.016
NBA2K12,294.0016396389883,230.016
GhostbustersTheVideoGameDSVersion,318.5016396389883,230.016
DragonAgeOrigins,343.0016396389883,230.016
MaddenNFL09,367.5016396389883,230.016
NBA2K14,392.0016396389883,230.016
MarvelUltimateAlliance,416.5016396389883,230.016
RockstarGamesDoublePackGrandTheftAutoIIIGrandTheftAutoViceCity,441.0016396389883,230.016
Pure,465.5016396389883,230.016
RockBand,490.0016396389883,230.016
TomClancysRainbowSixVegas2,514.5016396389883,230.016
HaloCombatEvolvedAnniversary,539.0016396389883,230.016
DeadIsland,563.5016396389883,230.016
KinectDisneylandAdventures,588.0016396389883,230.016
KinectSportsSeasonTwo,612.5016396389883,230.016
MaddenNFL25,637.0016396389883,230.016
LEGOMarvelSuperHeroes,661.5016396389883,230.016
ForzaMotorsport5,686.0016396389883,230.016
RockBand2,710.5016396389883,230.016
BioShock2,735.0016396389883,230.016
StarWarsKnightsoftheOldRepublic,759.5016396389883,230.016
SaintsRow,784.0016396389883,230.016
ProjectGothamRacing,808.5016396389883,230.016
ProjectGothamRacingJPweeklysales,833.0016396389883,230.016
NBA2K11,857.5016396389883,230.016
DeadRising,882.0016396389883,230.016
Portal2,906.5016396389883,230.016
UFC2009Undisputed,931.0016396389883,230.016
TomClancysSplinterCellConviction,955.5016396389883,230.016
DanceCentral2,980.0016396389883,230.016
PGR4ProjectGothamRacing4,98.00163963898831,254.516
CallofDuty2,122.50163963898831,254.516
ForzaHorizon,147.0016396389883,254.516
TomClancysRainbowSixVegas,171.5016396389883,254.516
BioShockInfinite,196.0016396389883,254.516
TheOrangeBox,220.5016396389883,254.516
ForzaMotorsport6,245.0016396389883,254.516
DeadorAlive3,269.5016396389883,254.516
Crackdown,294.0016396389883,254.516
KinectStarWars,318.5016396389883,254.516
Dishonored,343.0016396389883,254.516
PGRProjectGothamRacing2,367.5016396389883,254.516
SaintsRowIV,392.0016396389883,254.516
LEGOBatman2DCSuperHeroes,416.5016396389883,254.516
NeedforSpeedCarbon,441.0016396389883,254.516
ArmyofTwo,465.5016396389883,254.516
VivaPinata,490.0016396389883,254.516
Kinectimals,514.5016396389883,254.516
Rage,539.0016396389883,254.516
FarCry2,563.5016396389883,254.516
SoulCaliburIV,588.0016396389883,254.516
DeadRising3,612.5016396389883,254.516
GearsofWarJudgment,637.0016396389883,254.516
TomClancysRainbowSix3,661.5016396389883,254.516
MafiaII,686.0016396389883,254.516
TomClancysGhostReconAdvancedWarfighter,710.5016396389883,254.516
DeadSpace2,735.0016396389883,254.516
DeadRising2,759.5016396389883,254.516
007QuantumofSolace,784.0016396389883,254.516
TomClancysSplinterCellPandoraTomorrow,808.5016396389883,254.516
TomClancysGhostReconFutureSoldier,833.0016396389883,254.516
BattlefieldBadCompany,857.5016396389883,254.516
Homefront,882.0016396389883,254.516
KinectJoyRide,906.5016396389883,254.516
ForzaHorizon2,931.0016396389883,254.516
InjusticeGodsAmongUs,955.5016396389883,254.516
RyseSonofRome,980.0016396389883,254.516
RiseoftheTombRaider,73.50163963898831,279.01599999999996
DeusExHumanRevolution,98.00163963898831,279.01599999999996
StarWarsKnightsoftheOldRepublicIITheSithLords,122.50163963898831,279.01599999999996
TomClancysGhostRecon2,147.0016396389883,279.01599999999996
GearsofWar4,171.5016396389883,279.01599999999996
Crysis2,196.0016396389883,279.01599999999996
Doom3,220.5016396389883,279.01599999999996
LostPlanetExtremeCondition,245.0016396389883,279.01599999999996
AlanWake,269.5016396389883,279.01599999999996
YourShapeFitnessEvolved,294.0016396389883,279.01599999999996
Prototype,318.5016396389883,279.01599999999996
TheLEGOMovieVideogame,343.0016396389883,279.01599999999996
NBA2K9,367.5016396389883,279.01599999999996
WWE12,392.0016396389883,279.01599999999996
NinjaGaiden,416.5016396389883,279.01599999999996
LEGOTheLordoftheRings,441.0016396389883,279.01599999999996
FuzionFrenzy,465.5016396389883,279.01599999999996
MirrorsEdge,490.0016396389883,279.01599999999996
YourShapeFitnessEvolved2012,514.5016396389883,279.01599999999996
SniperGhostWarrior,539.0016396389883,279.01599999999996
SunsetOverdrive,563.5016396389883,279.01599999999996
MechAssault,588.0016396389883,279.01599999999996
TomClancysRainbowSix3BlackArrow,612.5016396389883,279.01599999999996
Crackdown2,637.0016396389883,279.01599999999996
DragonAgeII,661.5016396389883,279.01599999999996
CounterStrike,686.0016396389883,279.01599999999996
TomClancysSplinterCellChaosTheory,710.5016396389883,279.01599999999996
NCAAFootball14,735.0016396389883,279.01599999999996
SonicFreeRiders,759.5016396389883,279.01599999999996
NCAAFootball13,784.0016396389883,279.01599999999996
Skate2,808.5016396389883,279.01599999999996
ForzaHorizon3,833.0016396389883,279.01599999999996
DisneyInfinity20MarvelSuperHeroes,857.5016396389883,279.01599999999996
PlantsvsZombiesGardenWarfare,882.0016396389883,279.01599999999996
DJHero,906.5016396389883,279.01599999999996
BullyScholarshipEdition,931.0016396389883,279.01599999999996
AliensvsPredator,955.5016396389883,279.01599999999996
Darksiders,980.0016396389883,279.01599999999996
Mercenaries2WorldinFlames,73.50163963898831,303.51599999999996
ForzaMotorsport,98.00163963898831,303.51599999999996
Brink,122.50163963898831,303.51599999999996
Bulletstorm,147.0016396389883,303.51599999999996
AceCombat6FiresofLiberation,171.5016396389883,303.51599999999996
NinjaGaidenII,196.0016396389883,303.51599999999996
WinningElevenProEvolutionSoccer2007AllRegionsales,220.5016396389883,303.51599999999996
NFLFever2002,245.0016396389883,303.51599999999996
NCAAFootball12,269.5016396389883,303.51599999999996
DeadSpace3,294.0016396389883,303.51599999999996
TomClancysSplinterCellBlacklist,318.5016396389883,303.51599999999996
NBA2K10,343.0016396389883,303.51599999999996
BrutalLegend,367.5016396389883,303.51599999999996
ArmyofTwoThe40thDay,392.0016396389883,303.51599999999996
NCAAFootball10,416.5016396389883,303.51599999999996
OperationFlashpointDragonRising,441.0016396389883,303.51599999999996
WipeoutInTheZone,465.5016396389883,303.51599999999996
NCAAFootball11,490.0016396389883,303.51599999999996
BlueDragon,514.5016396389883,303.51599999999996
TomClancysEndWar,539.0016396389883,303.51599999999996
LostOdyssey,563.5016396389883,303.51599999999996
MarvelUltimateAlliance2,588.0016396389883,303.51599999999996
Crysis3,612.5016396389883,303.51599999999996
TheBiggestLoserUltimateWorkout,637.0016396389883,303.51599999999996
MinecraftStoryMode,661.5016396389883,303.51599999999996
RockBand3,686.0016396389883,303.51599999999996
CrimsonSkiesHighRoadtoRevenge,710.5016396389883,303.51599999999996
TomClancysGhostReconIslandThunder,735.0016396389883,303.51599999999996
KingdomsofAmalurReckoning,759.5016396389883,303.51599999999996
RedFactionGuerrilla,784.0016396389883,303.51599999999996
NBA2K8,808.5016396389883,303.51599999999996
TheLordoftheRingsWarintheNorth,833.0016396389883,303.51599999999996
DukeNukemForever,857.5016396389883,303.51599999999996
BruteForce,882.0016396389883,303.51599999999996
SidMeiersCivilizationRevolution,906.5016396389883,303.51599999999996
DJHero2,931.0016396389883,303.51599999999996
AmpedFreestyleSnowboarding,955.5016396389883,303.51599999999996
Stranglehold,980.0016396389883,303.51599999999996
DanceCentral3,73.50163963898831,328.01599999999996
ShaunWhiteSnowboarding,98.00163963898831,328.01599999999996
Prototype2,122.50163963898831,328.01599999999996
TheGodfatherII,147.0016396389883,328.01599999999996
RareReplay,171.5016396389883,328.01599999999996
StarOceanTheLastHope,196.0016396389883,328.01599999999996
TooHuman,220.5016396389883,328.01599999999996
TomClancysSplinterCellDoubleAgent,245.0016396389883,328.01599999999996
DeadIslandRiptide,269.5016396389883,328.01599999999996
AliensColonialMarines,294.0016396389883,328.01599999999996
Lips,318.5016396389883,328.01599999999996
PerfectDarkZero,343.0016396389883,328.01599999999996
UFCPersonalTrainerTheUltimateFitnessSystem,367.5016396389883,328.01599999999996
BanjoKazooieNutsBolts,392.0016396389883,328.01599999999996
SonicSEGAAllStarsRacingwithBanjoKazooie,416.5016396389883,328.01599999999996
KaneLynchDeadMen,441.0016396389883,328.01599999999996
Turok,465.5016396389883,328.01599999999996
UnrealChampionship,490.0016396389883,328.01599999999996
TalesofVesperia,514.5016396389883,328.01599999999996
OddworldMunchsOddysee,539.0016396389883,328.01599999999996
NHL11,563.5016396389883,328.01599999999996
FullSpectrumWarrior,588.0016396389883,328.01599999999996
MajorLeagueBaseball2K7,612.5016396389883,328.01599999999996
BorderlandsThePreSequel,637.0016396389883,328.01599999999996
Skate,661.5016396389883,328.01599999999996
ConkerLiveAndReloaded,686.0016396389883,328.01599999999996
NBALive09,710.5016396389883,328.01599999999996
NCAAFootball09,735.0016396389883,328.01599999999996
Doom3ResurrectionofEvil,759.5016396389883,328.01599999999996
TwoWorlds,784.0016396389883,328.01599999999996
StarWarsObiWan,808.5016396389883,328.01599999999996
JadeEmpire,833.0016396389883,328.01599999999996
InfiniteUndiscovery,857.5016396389883,328.01599999999996
NHL12,882.0016396389883,328.01599999999996
Halo2MultiplayerMapPack,906.5016396389883,328.01599999999996
MotionSports,931.0016396389883,328.01599999999996
ShrektheThird,955.5016396389883,328.01599999999996
TestDriveUnlimited2,980.0016396389883,328.01599999999996
MXvsATVUntamed,1004.5016396389883,328.01599999999996
TheLastRemnant,73.50163963898831,352.51599999999996
ReturntoCastleWolfensteinTidesofWar,98.00163963898831,352.51599999999996
FightNightRound2004,122.50163963898831,352.51599999999996
StarWarsRepublicCommando,147.0016396389883,352.51599999999996
Terraria,171.5016396389883,352.51599999999996
NHL10,196.0016396389883,352.51599999999996
NHL13,220.5016396389883,352.51599999999996
BrothersInArmsRoadtoHill30,245.0016396389883,352.51599999999996
SceneItBoxOfficeSmash,269.5016396389883,352.51599999999996
NBALive06,294.0016396389883,352.51599999999996
StuntmanIgnition,318.5016396389883,352.51599999999996
TonyHawksProSkater2x,343.0016396389883,352.51599999999996
Juiced2HotImportNights,367.5016396389883,352.51599999999996
TheWalkingDeadSurvivalInstinct,392.0016396389883,352.51599999999996
Condemned2Bloodshot,416.5016396389883,352.51599999999996
MetalGearSolid2Substance,441.0016396389883,352.51599999999996
TonyHawksAmericanWasteland,465.5016396389883,352.51599999999996
NFLFever2003,490.0016396389883,352.51599999999996
MajorLeagueBaseball2K8,514.5016396389883,352.51599999999996
MajorLeagueBaseball2K9,539.0016396389883,352.51599999999996
KinectSportsRivals,563.5016396389883,352.51599999999996
FightersUncaged,588.0016396389883,352.51599999999996
PGR3ProjectGothamRacing3,612.5016396389883,352.51599999999996
DeadorAliveXtremeBeachVolleyball,637.0016396389883,352.51599999999996
NarutoTheBrokenBond,661.5016396389883,352.51599999999996
LostViaDomus,686.0016396389883,352.51599999999996
GamePartyinMotion,710.5016396389883,352.51599999999996
SonicAllStarsRacingTransformed,735.0016396389883,352.51599999999996
TransformersWarforCybertronXBox360PS3PCVersions,759.5016396389883,352.51599999999996
KinectRushADisneyPixarAdventure,784.0016396389883,352.51599999999996
TomClancysHAWX,808.5016396389883,352.51599999999996
FarCryInstincts,833.0016396389883,352.51599999999996
Payday2,857.5016396389883,352.51599999999996
BlacksiteArea51,882.0016396389883,352.51599999999996
BloodWake,906.5016396389883,352.51599999999996
WrecklessThEYaKuzaMisSiOns,931.0016396389883,352.51599999999996
Defiance,955.5016396389883,352.51599999999996
RalliSportChallenge,980.0016396389883,352.51599999999996
Warhammer40000SpaceMarine,1004.5016396389883,352.51599999999996
Battlefield2ModernCombat,73.50163963898831,377.01599999999996
WWERaw2,98.00163963898831,377.01599999999996
BlinxTheTimeSweeper,122.50163963898831,377.01599999999996
QuantumBreak,147.0016396389883,377.01599999999996
TMNT,171.5016396389883,377.01599999999996
FrontlinesFuelofWar,196.0016396389883,377.01599999999996
TheGodfatheroldUSsales,220.5016396389883,377.01599999999996
WWFRaw,245.0016396389883,377.01599999999996
MXvsATVAlive,269.5016396389883,377.01599999999996
LipsNumberOneHits,294.0016396389883,377.01599999999996
DanceDanceRevolutionUltramix,318.5016396389883,377.01599999999996
Metro2033,343.0016396389883,377.01599999999996
GregHastingsTournamentPaintball,367.5016396389883,377.01599999999996
TwoWorldsII,392.0016396389883,377.01599999999996
2in1ComboPackSonicHeroesSuperMonkeyBallDeluxe,416.5016396389883,377.01599999999996
MedalofHonorEuropeanAssault,441.0016396389883,377.01599999999996
FEAR2ProjectOrigin,465.5016396389883,377.01599999999996
SesameStreetOnceUponAMonster,490.0016396389883,377.01599999999996
MajorLeagueBaseball2K10,514.5016396389883,377.01599999999996
TheSaboteur,539.0016396389883,377.01599999999996
NHL09,563.5016396389883,377.01599999999996
DeadorAliveUltimate,588.0016396389883,377.01599999999996
MajorLeagueBaseball2K12,612.5016396389883,377.01599999999996
DanceDanceRevolutionUniverse2,637.0016396389883,377.01599999999996
NBAStreetHomecourt,661.5016396389883,377.01599999999996
AloneintheDark,686.0016396389883,377.01599999999996
YoureintheMovies,710.5016396389883,377.01599999999996
SceneItLightsCameraAction,735.0016396389883,377.01599999999996
DarkSector,759.5016396389883,377.01599999999996
MajorLeagueBaseball2K13,784.0016396389883,377.01599999999996
RockBand4,808.5016396389883,377.01599999999996
VivaPinataTroubleinParadise,833.0016396389883,377.01599999999996
DragonAgeOriginsAwakening,857.5016396389883,377.01599999999996
Shadowrun,882.0016396389883,377.01599999999996
RiseofNightmares,906.5016396389883,377.01599999999996
DeadorAlive4,931.0016396389883,377.01599999999996
TopSpin,955.5016396389883,377.01599999999996
VinDieselWheelman,980.0016396389883,377.01599999999996
TheChroniclesofRiddickEscapefromButcherBay,1004.5016396389883,377.01599999999996
StarWarsJediKnightJediAcademy,73.50163963898831,401.51599999999996
EnemyTerritoryQuakeWars,98.00163963898831,401.51599999999996
MajorLeagueBaseball2K11,122.50163963898831,401.51599999999996
TNAiMPACT,147.0016396389883,401.51599999999996
WWEWrestleMania21,171.5016396389883,401.51599999999996
SilentHillHomecoming,196.0016396389883,401.51599999999996
BrunswickProBowling,220.5016396389883,401.51599999999996
TheGodfatherUSsales,245.0016396389883,401.51599999999996
VikingBattleforAsgard,269.5016396389883,401.51599999999996
TransformersFallofCybertron,294.0016396389883,401.51599999999996
RobertLudlumsTheBourneConspiracy,318.5016396389883,401.51599999999996
ChildofEden,343.0016396389883,401.51599999999996
CommandConquer3TiberiumWars,367.5016396389883,401.51599999999996
DanceDanceRevolutionUltramix2,392.0016396389883,401.51599999999996
DoublePackFindingNemoTheIncredibles,416.5016396389883,401.51599999999996
LordoftheRingsTheThirdAge,441.0016396389883,401.51599999999996
StarWarsStarfighterSpecialEdition,465.5016396389883,401.51599999999996
CondemnedCriminalOrigins,490.0016396389883,401.51599999999996
TomClancysRainbowSixLockdown,514.5016396389883,401.51599999999996
TimeShift,539.0016396389883,401.51599999999996
FantasticPets,563.5016396389883,401.51599999999996
SpiderManWebofShadows,588.0016396389883,401.51599999999996
JustDanceKids2,612.5016396389883,401.51599999999996
BeowulfTheGame,637.0016396389883,401.51599999999996
Overlord,661.5016396389883,401.51599999999996
TheGunstringer,686.0016396389883,401.51599999999996
RapalaProBassFishing2010,710.5016396389883,401.51599999999996
TheHouseofTheDeadIII,735.0016396389883,401.51599999999996
TheDarknessII,759.5016396389883,401.51599999999996
TomClancysGhostRecon2SummitStrike,784.0016396389883,401.51599999999996
HunterTheReckoning,808.5016396389883,401.51599999999996
DanceDanceRevolutionUltramix3,833.0016396389883,401.51599999999996
NBAInsideDrive2002,857.5016396389883,401.51599999999996
KingdomUnderFireCircleofDoom,882.0016396389883,401.51599999999996
Quake4,906.5016396389883,401.51599999999996
WantedWeaponsofFate,931.0016396389883,401.51599999999996
ZooTycoon2013,955.5016396389883,401.51599999999996
MechAssault2LoneWolf,980.0016396389883,401.51599999999996
Shrek,1004.5016396389883,401.51599999999996
KinectimalsNowwithBears,73.50163963898831,426.01599999999996
XboxMusicMixer,98.00163963898831,426.01599999999996
Tropico4,122.50163963898831,426.01599999999996
SupremeCommander2,147.0016396389883,426.01599999999996
TenchuZ,171.5016396389883,426.01599999999996
KameoElementsofPower,196.0016396389883,426.01599999999996
HarryPotterandtheDeathlyHallowsPart2,220.5016396389883,426.01599999999996
DeusExInvisibleWar,245.0016396389883,426.01599999999996
TheKingofFightersXIII,269.5016396389883,426.01599999999996
Fracture,294.0016396389883,426.01599999999996
NinjaBlade,318.5016396389883,426.01599999999996
NarutoRiseofaNinja,343.0016396389883,426.01599999999996
DECASportsFreedom,367.5016396389883,426.01599999999996
GoldenAxeBeastRider,392.0016396389883,426.01599999999996
BattlestationsPacific,416.5016396389883,426.01599999999996
MinutetoWinIt,441.0016396389883,426.01599999999996
OverlordII,465.5016396389883,426.01599999999996
DanceDanceRevolutionUniverse,490.0016396389883,426.01599999999996
BeautifulKatamari,514.5016396389883,426.01599999999996
Singularity,539.0016396389883,426.01599999999996
CarnivalGamesMonkeySeeMonkeyDo,563.5016396389883,426.01599999999996
Prey,588.0016396389883,426.01599999999996
NFLFever2004,612.5016396389883,426.01599999999996
KingdomUnderFireTheCrusaders,637.0016396389883,426.01599999999996
CliveBarkersJericho,661.5016396389883,426.01599999999996
ShenmueII,686.0016396389883,426.01599999999996
NBAInsideDrive2003,710.5016396389883,426.01599999999996
YuGiOhTheDawnofDestiny,735.0016396389883,426.01599999999996
NamcoMuseumVirtualArcade,759.5016396389883,426.01599999999996
Fuel,784.0016396389883,426.01599999999996
StarWarsJediKnightIIJediOutcast,808.5016396389883,426.01599999999996
LordoftheRingsBattleforMiddleEarth,833.0016396389883,426.01599999999996
JonahLomuRugbyChallenge,857.5016396389883,426.01599999999996
BruceLeeQuestoftheDragon,882.0016396389883,426.01599999999996
MidtownMadness3,906.5016396389883,426.01599999999996
NASCAR2011TheGame,931.0016396389883,426.01599999999996
MagnaCarta2,955.5016396389883,426.01599999999996
PowerUpHeroes,980.0016396389883,426.01599999999996
DanceDanceRevolutionUniverse3,1004.5016396389883,426.01599999999996
AMFBowling2004,73.50163963898831,450.51599999999996
N3NinetyNineNights,98.00163963898831,450.51599999999996
GuitarHeroVanHalen,122.50163963898831,450.51599999999996
OutlawGolf,147.0016396389883,450.51599999999996
RabbidsAliveKicking,171.5016396389883,450.51599999999996
TheChroniclesofRiddickAssaultonDarkAthena,196.0016396389883,450.51599999999996
PiratesoftheCaribbean,220.5016396389883,450.51599999999996
TurningPointFallofLiberty,245.0016396389883,450.51599999999996
NASCAR08,269.5016396389883,450.51599999999996
Links2004,294.0016396389883,450.51599999999996
DeathSmiles,318.5016396389883,450.51599999999996
FableTheJourney,343.0016396389883,450.51599999999996
Chromehounds,367.5016396389883,450.51599999999996
UnrealChampionship2TheLiandriConflict,392.0016396389883,450.51599999999996
KungFuChaos,416.5016396389883,450.51599999999996
SilentHill2RestlessDreams,441.0016396389883,450.51599999999996
VirtuaFighter5Online,465.5016396389883,450.51599999999996
TaoFengFistoftheLotus,490.0016396389883,450.51599999999996
RockRevolution,514.5016396389883,450.51599999999996
RalliSportChallenge2,539.0016396389883,450.51599999999996
TheClub,563.5016396389883,450.51599999999996
FinalFantasyXIUltimateCollection,588.0016396389883,450.51599999999996
MotionSportsAdrenaline,612.5016396389883,450.51599999999996
Section8,637.0016396389883,450.51599999999996
AllProFootball2K8,661.5016396389883,450.51599999999996
PanzerDragoonOrta,686.0016396389883,450.51599999999996
SupermanReturns,710.5016396389883,450.51599999999996
DeadlyPremonition,735.0016396389883,450.51599999999996
BattlestationsMidway,759.5016396389883,450.51599999999996
OutlawVolleyball,784.0016396389883,450.51599999999996
DungeonsDragonsHeroes,808.5016396389883,450.51599999999996
OddworldStrangersWrath,833.0016396389883,450.51599999999996
Legendary,857.5016396389883,450.51599999999996
GameofThrones,882.0016396389883,450.51599999999996
Exhibition,906.5016396389883,450.51599999999996
Amped2,931.0016396389883,450.51599999999996
DeadorAliveXtreme2,955.5016396389883,450.51599999999996
MenofValor,980.0016396389883,450.51599999999996
MotoGP07,1004.5016396389883,450.51599999999996
TheOutfit,73.50163963898831,475.01599999999996
DonKingPresentsPrizefighter,98.00163963898831,475.01599999999996
KungFuPanda2,122.50163963898831,475.01599999999996
SpiderManEdgeofTime,147.0016396389883,475.01599999999996
AmericasArmyRiseofaSoldier,171.5016396389883,475.01599999999996
ArmoredCore4,196.0016396389883,475.01599999999996
FarCryInstinctsPredator,220.5016396389883,475.01599999999996
GenmaOnimusha,245.0016396389883,475.01599999999996
CommandConquer3KanesWrath,269.5016396389883,475.01599999999996
AzurikRiseofPerathia,294.0016396389883,475.01599999999996
ZumbaFitnessWorldParty,318.5016396389883,475.01599999999996
4x4EVO2,343.0016396389883,475.01599999999996
DreamcastCollection,367.5016396389883,475.01599999999996
GIJoeTheRiseofCobra,392.0016396389883,475.01599999999996
Fallout3GameAddOnPackBrokenSteelandPointLookout,416.5016396389883,475.01599999999996
PictionaryUltimateEdition,441.0016396389883,475.01599999999996
TheGodfatherUSOtherssales,465.5016396389883,475.01599999999996
AfroSamurai,490.0016396389883,475.01599999999996
DivinityIIEgoDraconis,514.5016396389883,475.01599999999996
BuffytheVampireSlayer,539.0016396389883,475.01599999999996
VivaPinataPartyAnimals,563.5016396389883,475.01599999999996
WorldSeriesBaseball,588.0016396389883,475.01599999999996
DiRTShowdown,612.5016396389883,475.01599999999996
PussinBoots,637.0016396389883,475.01599999999996
SoldierofFortuneIIDoubleHelix,661.5016396389883,475.01599999999996
BicycleCasino2005,686.0016396389883,475.01599999999996
ShellshockNam67,710.5016396389883,475.01599999999996
Tropico3,735.0016396389883,475.01599999999996
FullAuto,759.5016396389883,475.01599999999996
OverGFighters,784.0016396389883,475.01599999999996
BigLeagueSports,808.5016396389883,475.01599999999996
CollegeHoops2K7,833.0016396389883,475.01599999999996
Yoostar2,857.5016396389883,475.01599999999996
TenchuReturnFromDarkness,882.0016396389883,475.01599999999996
50CentBloodontheSand,906.5016396389883,475.01599999999996
StateofDecay,931.0016396389883,475.01599999999996
UnrealIITheAwakening,955.5016396389883,475.01599999999996
VampireRain,980.0016396389883,475.01599999999996
JSRFJetSetRadioFuture,1004.5016396389883,475.01599999999996
GregHastingsPaintball2,73.50163963898831,499.51599999999996
StokEd,98.00163963898831,499.51599999999996
CrazyTaxi3HighRoller,122.50163963898831,499.51599999999996
JillianMichaelsFitnessAdventure,147.0016396389883,499.51599999999996
DarkMessiahofMightandMagicElements,171.5016396389883,499.51599999999996
DarkStarOneBrokenAlliance,196.0016396389883,499.51599999999996
BodyandBrainConnection,220.5016396389883,499.51599999999996
IHRADragRacing2004,245.0016396389883,499.51599999999996
RidgeRacer6,269.5016396389883,499.51599999999996
RecordofAgarestWar,294.0016396389883,499.51599999999996
TetrisWorldsOnlineEdition,318.5016396389883,499.51599999999996
SoldierofFortunePayback,343.0016396389883,499.51599999999996
UFCTapout,367.5016396389883,499.51599999999996
DanceMasters,392.0016396389883,499.51599999999996
ConflictDeniedOps,416.5016396389883,499.51599999999996
FighterWithin,441.0016396389883,499.51599999999996
Sudeki,465.5016396389883,499.51599999999996
SpongeBobsSurfSkateRoadtrip,490.0016396389883,499.51599999999996
FaceBreaker,514.5016396389883,499.51599999999996
Risen,539.0016396389883,499.51599999999996
SegaGT2002,563.5016396389883,499.51599999999996
DanceCentralSpotlight,588.0016396389883,499.51599999999996
NBABallersChosenOne,612.5016396389883,499.51599999999996
StarWarsTheCloneWarsTetrisWorlds,637.0016396389883,499.51599999999996
CloseCombatFirsttoFight,661.5016396389883,499.51599999999996
IndianaJonesandtheEmperorsTomb,686.0016396389883,499.51599999999996
ShapeUp,710.5016396389883,499.51599999999996
StarTrekLegacy,735.0016396389883,499.51599999999996
AirForceDeltaStorm,759.5016396389883,499.51599999999996
Syndicate,784.0016396389883,499.51599999999996
ZumbaFitnessRush,808.5016396389883,499.51599999999996
CallofJuarez,833.0016396389883,499.51599999999996
Backbreaker,857.5016396389883,499.51599999999996
TestDriveOffRoadWideOpen,882.0016396389883,499.51599999999996
WorldofOutlawsSprintCars,906.5016396389883,499.51599999999996
LipsPartyClassics,931.0016396389883,499.51599999999996
Splatterhouse,955.5016396389883,499.51599999999996
OtomediusExcellent,980.0016396389883,499.51599999999996
CabelasBigGameHunterHuntingParty,1004.5016396389883,499.51599999999996
VelvetAssassin,49.0016396389883,524.016
ProjectSpark,73.50163963898831,524.016
RacePro,98.00163963898831,524.016
NBAInsideDrive2004,122.50163963898831,524.016
ExhibitionVolume02,147.0016396389883,524.016
NHL2K9,171.5016396389883,524.016
TopSpin2,196.0016396389883,524.016
HunterTheReckoningRedeemer,220.5016396389883,524.016
ThiefDeadlyShadows,245.0016396389883,524.016
CountryDanceAllStars,269.5016396389883,524.016
N3IINinetyNineNights,294.0016396389883,524.016
FairytaleFights,318.5016396389883,524.016
Gunvalkyrie,343.0016396389883,524.016
FuzionFrenzy2,367.5016396389883,524.016
NASCAR14,392.0016396389883,524.016
NavalAssaultTheKillingTide,416.5016396389883,524.016
NASCAR15,441.0016396389883,524.016
BloodBowl,465.5016396389883,524.016
LeisureSuitLarryBoxOfficeBust,490.0016396389883,524.016
MagicTheGatheringBattlegrounds,514.5016396389883,524.016
GreaseDance,539.0016396389883,524.016
CuldceptSAGA,563.5016396389883,524.016
WorldSeriesofPokerTournamentofChampions2007Edition,588.0016396389883,524.016
JustDanceDisneyParty,612.5016396389883,524.016
BCFXTheBlackCollegeFootballXperienceTheDougWilliamsEdition,637.0016396389883,524.016
Amped3,661.5016396389883,524.016
HaloTriplePack,686.0016396389883,524.016
JurassicParkTheGame,710.5016396389883,524.016
SherlockHolmesvsJacktheRipper,735.0016396389883,524.016
Blinx2MastersofTimeSpace,759.5016396389883,524.016
FantasiaMusicEvolved,784.0016396389883,524.016
KingdomUnderFireHeroes,808.5016396389883,524.016
ProjectSylpheedArcofDeception,833.0016396389883,524.016
SeriousSam,857.5016396389883,524.016
ShadowOpsRedMercury,882.0016396389883,524.016
FIFA06RoadtoFIFAWorldCup,906.5016396389883,524.016
FinalFantasyXIVanadielCollection2008,931.0016396389883,524.016
RockBandMetalTrackPack,955.5016396389883,524.016
MadDashRacing,980.0016396389883,524.016
GuiltyGearX2Reload,1004.5016396389883,524.016
ReCore,49.0016396389883,548.516
GrabbedbytheGhoulies,73.50163963898831,548.516
AdrenalinMisfits,98.00163963898831,548.516
OutRun2,122.50163963898831,548.516
CabelasAfricanSafari,147.0016396389883,548.516
JustCause,171.5016396389883,548.516
XBlades,196.0016396389883,548.516
Enclave,220.5016396389883,548.516
DinoCrisis3,245.0016396389883,548.516
LetsCheer,269.5016396389883,548.516
TheHistoryChannelCivilWarANationDivided,294.0016396389883,548.516
LipsILoveThe80s,318.5016396389883,548.516
NCIS,343.0016396389883,548.516
Apex,367.5016396389883,548.516
MotoGP06,392.0016396389883,548.516
HulkHogansMainEvent,416.5016396389883,548.516
DivinityIITheDragonKnightSaga,441.0016396389883,548.516
NHL2K8,465.5016396389883,548.516
SupermanTheManofSteel,490.0016396389883,548.516
FatalInertia,514.5016396389883,548.516
KungFuHighImpact,539.0016396389883,548.516
RumbleRosesXX,563.5016396389883,548.516
HasbroFamilyFunPack,588.0016396389883,548.516
Venetica,612.5016396389883,548.516
CabelasAlaskanAdventure,637.0016396389883,548.516
RollerCoasterTycoon,661.5016396389883,548.516
NightCaster,686.0016396389883,548.516
BorderlandsDoubleGameAddOnPack,710.5016396389883,548.516
DestroyAllHumansPathoftheFuron,735.0016396389883,548.516
OtogiMythofDemons,759.5016396389883,548.516
MonsterHunterFrontierOnline,784.0016396389883,548.516
SteelBattalionHeavyArmor,808.5016396389883,548.516
OnechanbaraBikiniSamuraiSquad,833.0016396389883,548.516
VictoriousTimetoShine,857.5016396389883,548.516
AdventRising,882.0016396389883,548.516
TwisterMania,906.5016396389883,548.516
FuseInsomniac,931.0016396389883,548.516
HourofVictory,955.5016396389883,548.516
QuantumRedshift,980.0016396389883,548.516
TheHistoryChannelGreatBattlesMedieval,1004.5016396389883,548.516
ArmedandDangerous,49.0016396389883,573.016
SCOREInternationalBaja1000TheOfficialGame,73.50163963898831,573.016
VoodooVince,98.00163963898831,573.016
Blackwater,122.50163963898831,573.016
ChaseHollywoodStuntDriver,147.0016396389883,573.016
CelDamage,171.5016396389883,573.016
DanceParadise,196.0016396389883,573.016
Breakdown,220.5016396389883,573.016
Psychonauts,245.0016396389883,573.016
MLBInsidePitch2003,269.5016396389883,573.016
RaidenIV,294.0016396389883,573.016
CSICrimeSceneInvestigation,318.5016396389883,573.016
SelfDefenseTrainingCamp,343.0016396389883,573.016
DeadMansHand,367.5016396389883,573.016
ToeJamEarlIIIMissiontoEarth,392.0016396389883,573.016
MonsterMadnessBattleforSuburbia,416.5016396389883,573.016
BloodDrive,441.0016396389883,573.016
PhantomDust,465.5016396389883,573.016
StubbstheZombieinRebelWithoutaPulse,490.0016396389883,573.016
BatmanDarkTomorrow,514.5016396389883,573.016
WarhammerBattleMarch,539.0016396389883,573.016
SpyvsSpy,563.5016396389883,573.016
MurakumoRenegadeMechPursuit,588.0016396389883,573.016
GunMetal,612.5016396389883,573.016
TruthorLies,637.0016396389883,573.016
OutlawGolfNineHolesofChristmas,661.5016396389883,573.016
NHLRivals2004,686.0016396389883,573.016
MichaelPhelpsPushtheLimit,710.5016396389883,573.016
SmashCourtTennis3,735.0016396389883,573.016
HoleintheWallDeluxeEdition,759.5016396389883,573.016
ThePenguinsofMadagascarDrBlowholeReturnsAgain,784.0016396389883,573.016
TetrisEvolution,808.5016396389883,573.016
FlatOutUltimateCarnage,833.0016396389883,573.016
PacManandtheGhostlyAdventures2,857.5016396389883,573.016
UFCTapout2,882.0016396389883,573.016
Pariah,906.5016396389883,573.016
CabelasOutdoorAdventures,931.0016396389883,573.016
MetalSlug3,955.5016396389883,573.016
TheFirstTemplar,980.0016396389883,573.016
BladesofTime,1004.5016396389883,573.016
UniverseatWarEarthAssault,1029.0016396389883,573.016
NASCARTheGameInsideLine,49.0016396389883,597.516
Fallout3GameAddOnPackThePittandOperationAnchorage,73.50163963898831,597.516
SNKvsCapcomSVCChaos,98.00163963898831,597.516
BulletWitch,122.50163963898831,597.516
SilentScopeComplete,147.0016396389883,597.516
TomClancysClassicTrilogy,171.5016396389883,597.516
LittleLeagueWorldSeriesBaseball2010,196.0016396389883,597.516
Sneakers,220.5016396389883,597.516
ExhibitionVolume03,245.0016396389883,597.516
WhoWantstoBeAMillionaire,269.5016396389883,597.516
ManvsWild,294.0016396389883,597.516
WatchmenTheEndisNighPart12,318.5016396389883,597.516
MotoGP2,343.0016396389883,597.516
SteelBattalion,367.5016396389883,597.516
DarkestofDays,392.0016396389883,597.516
Whacked,416.5016396389883,597.516
FieldStreamTotalOutdoorsmanChallenge,441.0016396389883,597.516
RavenSquadOperationHiddenDagger,465.5016396389883,597.516
NinjaGaidenBlack,490.0016396389883,597.516
YourselfFitness,514.5016396389883,597.516
NewLegends,539.0016396389883,597.516
JimmieJohnsonsAnythingWithanEngine,563.5016396389883,597.516
ImportTunerChallengeAmericansales,588.0016396389883,597.516
SpongeBobHeroPants,612.5016396389883,597.516
ZoidsAssault,637.0016396389883,597.516
SupremeCommander,661.5016396389883,597.516
TransworldSnowboarding,686.0016396389883,597.516
CrimsonSea,710.5016396389883,597.516
SpectralForce3,735.0016396389883,597.516
BattleFantasia,759.5016396389883,597.516
ShellShock2BloodTrails,784.0016396389883,597.516
FEARFiles,808.5016396389883,597.516
AmericasArmyTrueSoldiers,833.0016396389883,597.516
RaidenFightersAces,857.5016396389883,597.516
SegaGTOnline,882.0016396389883,597.516
PrisonerofWar,906.5016396389883,597.516
KonamiClassicsVol1,931.0016396389883,597.516
SteinsGateHiyokuRenrinoDarling,955.5016396389883,597.516
Qubed,980.0016396389883,597.516
SamuraiShodownSen,1004.5016396389883,597.516
EarthDefenseForce2017,1029.0016396389883,597.516
IndycarSeries2005,49.0016396389883,622.016
TheIdolmster,73.50163963898831,622.016
InfernalHellsVengeance,98.00163963898831,622.016
FarCryInstinctsEvolution,122.50163963898831,622.016
KillerInstinct2013,147.0016396389883,622.016
DamageIncPacificSquadronWWII,171.5016396389883,622.016
TheIdolmsterLiveforYou,196.0016396389883,622.016
StillLife,220.5016396389883,622.016
MaximumChase,245.0016396389883,622.016
KengoLegendofThe9,269.5016396389883,622.016
CombatTaskForce121,294.0016396389883,622.016
ExhibitionVolume4,318.5016396389883,622.016
CircusMaximusChariotWars,343.0016396389883,622.016
OperationDarkness,367.5016396389883,622.016
YoostaronMTV,392.0016396389883,622.016
LoonsTheFightForFame,416.5016396389883,622.016
Totaled,441.0016396389883,622.016
Drakeofthe99Dragons,465.5016396389883,622.016
XboxLiveArcadeUnpluggedVolume1,490.0016396389883,622.016
WorldRacing,514.5016396389883,622.016
Mayhem3D,539.0016396389883,622.016
DreamCClub,563.5016396389883,622.016
WingsofWar,588.0016396389883,622.016
KabukiWarriors,612.5016396389883,622.016
MotionExplosion,637.0016396389883,622.016
DeathrowUndergroundTeamCombat,661.5016396389883,622.016
LandoftheDeadRoadtoFiddlersGreen,686.0016396389883,622.016
NHLLegacy,710.5016396389883,622.016
MonsterGarage,735.0016396389883,622.016
AkaiKatanaShin,759.5016396389883,622.016
TecmoClassicArcade,784.0016396389883,622.016
MXvsATVSupercross,808.5016396389883,622.016
CallofCthulhuDarkCornersoftheEarth,833.0016396389883,622.016
SeriousSamII,857.5016396389883,622.016
ExhibitionVolume5,882.0016396389883,622.016
SplatRenegadePaintball,906.5016396389883,622.016
CallofDutyTheWarCollection,931.0016396389883,622.016
BraveAWarriorsTale,955.5016396389883,622.016
TopGunHardLock,980.0016396389883,622.016
MobileOpsTheOneYearWar,1004.5016396389883,622.016
TomClancysRainbowSixCriticalHour,1029.0016396389883,622.016
RidetoHell,49.0016396389883,646.516
HailtotheChimp,73.50163963898831,646.516
SeaBlade,98.00163963898831,646.516
Carve,122.50163963898831,646.516
DragonsLair3DReturntotheLair,147.0016396389883,646.516
MystIVRevelation,171.5016396389883,646.516
UEFAChampionsLeague20062007,196.0016396389883,646.516
TheIdolmaster2,220.5016396389883,646.516
Otogi2ImmortalWarriors,245.0016396389883,646.516
UltraBustAMove,269.5016396389883,646.516
DoDonPachiResurrection,294.0016396389883,646.516
MorphX,784.0016396389883,646.516
PhantomCrash,808.5016396389883,646.516
RBIBaseball2016,833.0016396389883,646.516
ArxFatalis,857.5016396389883,646.516
TourdeFrance2011,882.0016396389883,646.516
DeadliestCatchAlaskanStorm,906.5016396389883,646.516
CrimeLifeGangWars,931.0016396389883,646.516
FatalFrameIICrimsonButterflyDirectorsCut,955.5016396389883,646.516
TheLordoftheRingsTheBattleforMiddleEarthII,980.0016396389883,646.516
ColinMcRaeRally2005,1004.5016396389883,646.516
SecretService,1029.0016396389883,646.516
KakutoChojin,49.0016396389883,671.016
RazesHell,73.50163963898831,671.016
ShinMegamiTenseiNINE,98.00163963898831,671.016
TestDriveFerrariLegends,122.50163963898831,671.016
NightCasterIIEquinox,147.0016396389883,671.016
MikeTysonHeavyweightBoxing,171.5016396389883,671.016
LipsDeutschePartyknaller,196.0016396389883,671.016
Yager,220.5016396389883,671.016
ForzaMotorsport3UltimateEdition,245.0016396389883,671.016
OperationFlashpointElite,269.5016396389883,671.016
TOCARaceDriver2,808.5016396389883,671.016
DaiSenryakuVIIModernMilitaryTactics,833.0016396389883,671.016
WarTechSenkonoRonde,857.5016396389883,671.016
SXSuperstar,882.0016396389883,671.016
NikeKinectTraining,906.5016396389883,671.016
BloodyRoarExtreme,931.0016396389883,671.016
TennisMastersSeries2003,955.5016396389883,671.016
DeadliestWarriorAncientCombat,980.0016396389883,671.016
CallofDutyModernWarfareTrilogy,1004.5016396389883,671.016
PopCapArcadeVol1,1029.0016396389883,671.016
MLB2K12NBA2K12ComboPack,49.0016396389883,695.516
ShatteredUnion,73.50163963898831,695.516
GalGun,98.00163963898831,695.516
Worms4Mayhem,122.50163963898831,695.516
PurePinball,147.0016396389883,695.516
PhantomBreaker,171.5016396389883,695.516
BombermanActZero,196.0016396389883,695.516
DreamfallTheLongestJourney,220.5016396389883,695.516
StokedBigAirEdition,245.0016396389883,695.516
MonsterHunterFrontierOnlineSeason90,833.0016396389883,695.516
ChaosHeadNoah,857.5016396389883,695.516
BeatdownFistsofVengeance,882.0016396389883,695.516
EspgaludaIIBlackLabel,906.5016396389883,695.516
BlackStoneMagicSteel,931.0016396389883,695.516
PainkillerHellWars,955.5016396389883,695.516
SpecialForcesNemesisStrike,980.0016396389883,695.516
DreamCClubZero,1004.5016396389883,695.516
ProjectGothamRacing2JPweeklysales,1029.0016396389883,695.516
CrashTimeAutobahnPusuit,49.0016396389883,720.016
GunGriffonAlliedStrike,73.50163963898831,720.016
PopCapArcadeVol2,98.00163963898831,720.016
Majesty2TheFantasyKingdomSim,122.50163963898831,720.016
TorkPrehistoricPunk,147.0016396389883,720.016
SummerAthletics2009,171.5016396389883,720.016
MushihimesamaFutariVer15,196.0016396389883,720.016
OtomediusGorgeous,220.5016396389883,720.016
FastFuriousShowdown,833.0016396389883,720.016
GalleonIslandsofMystery,857.5016396389883,720.016
DennouSenkiVirtualOnForce,882.0016396389883,720.016
SenkonoRondeDUO,906.5016396389883,720.016
MonsterHunterFrontierOnlineSeason10,931.0016396389883,720.016
VirtualPoolTournamentEdition,955.5016396389883,720.016
MetalDungeon,980.0016396389883,720.016
TriplePackXboxLiveArcadeCompilation,1004.5016396389883,720.016
DeathSmilesII,1029.0016396389883,720.016
Whiteout,49.0016396389883,744.516
SyberiaII,73.50163963898831,744.516
MotorTrendpresentsLotusChallenge,98.00163963898831,744.516
MonsterHunterFrontierOnlineForward1,122.50163963898831,744.516
ProCastSportsFishing,147.0016396389883,744.516
RugbyLeagueLive,171.5016396389883,744.516
WorldWarIICombatRoadToBerlin,196.0016396389883,744.516
TheKingofFightersMaximumImpactManiax,220.5016396389883,744.516
MonsterHunterFrontierOnlineForward2,857.5016396389883,744.516
RoomZoomRaceforImpact,882.0016396389883,744.516
DoDonPachiDaiOujouBlackLabelExtra,906.5016396389883,744.516
StakeFortuneFighters,931.0016396389883,744.516
AlienBreedTrilogy,955.5016396389883,744.516
ColdWar,980.0016396389883,744.516
SteelBattalionLineofContact,1004.5016396389883,744.516
PopCapHitsVol2,1029.0016396389883,744.516
CapcomDigitalCollection,49.0016396389883,769.016
11eyesCrossOver,73.50163963898831,769.016
CrossChannelInMemoryofAllPeople,98.00163963898831,769.016
RapalaforKinect,122.50163963898831,769.016
ToxicGrind,147.0016396389883,769.016
ScrapLand,171.5016396389883,769.016
Indianapolis500Evolution,196.0016396389883,769.016
SeriousSamHDGoldEdition,857.5016396389883,769.016
SamuraiShodownV,882.0016396389883,769.016
ProFishingChallenge,906.5016396389883,769.016
KnightsApprenticeMemoricksAdventures,931.0016396389883,769.016
IronPhoenix,955.5016396389883,769.016
GroupSChallenge,980.0016396389883,769.016
GuesstheLogos,1004.5016396389883,769.016
OrenoYomeAnataDakenoHanayome,1029.0016396389883,769.016
TheKingofFightersNeoWave,49.0016396389883,793.516
MeikyuuCrossBloodReloaded,73.50163963898831,793.516
ChicagoEnforcer,98.00163963898831,793.516
CarmageddonMaxDamage,122.50163963898831,793.516
MuchiMuchiPorkPinkSweets,147.0016396389883,793.516
Mushihimesama,171.5016396389883,793.516
BrokenSwordTheSleepingDragon,196.0016396389883,793.516
PopCapHits,882.0016396389883,793.516
KetsuiKizunaJigokuTachiExtra,906.5016396389883,793.516
RoboCop,931.0016396389883,793.516
PulseRacer,955.5016396389883,793.516
TopGearRPMTuning,980.0016396389883,793.516
MemoriesOffYubikirinoKioku,1004.5016396389883,793.516
ArmyMenMajorMalfunction,1029.0016396389883,793.516
ExhibitionVolume6,49.0016396389883,818.016
WLOSekaiRenaiKikousen,73.50163963898831,818.016
FinalFantasyXIAllInOnePack2006,98.00163963898831,818.016
EarthDefenseForce2017oldJPsales,122.50163963898831,818.016
PacManChampionshipEdition2ArcadeGameSeries,147.0016396389883,818.016
SharinnoKuniHimawarinoShoujo,171.5016396389883,818.016
FootballManager2007,906.5016396389883,818.016
TomClancysGhostReconAdvancedWarfighterweeklyJPsales,931.0016396389883,818.016
InstantBrain,955.5016396389883,818.016
SuperRobotTaisenXO,980.0016396389883,818.016
AquamanBattleforAtlantis,1004.5016396389883,818.016
PsychoPass,1029.0016396389883,818.016
GrooveriderSlotCarThunder,49.0016396389883,842.516
KonamiClassicsVol2,73.50163963898831,842.516
DoDonPachiSaidaioujou,98.00163963898831,842.516
FuriousKarting,122.50163963898831,842.516
EntakunoSeitoStudentsofRound,147.0016396389883,842.516
Caladrius,171.5016396389883,842.516
NoFateOnlythePowerofWill,906.5016396389883,842.516
MamorukunwaNorowareteShimatta,931.0016396389883,842.516
RootDoubleBeforeCrimeAfterDays,955.5016396389883,842.516
GoatSimulator,980.0016396389883,842.516
RalliSportChallengeJPsales,1004.5016396389883,842.516
CrossEdgeDash,73.50163963898831,867.016
TimeLeap,98.00163963898831,867.016
ShinSangokuMusou4Special,122.50163963898831,867.016
BulletSoulTamaTamashii,147.0016396389883,867.016
DoDonPachiDaifukkatsuBlackLabel,931.0016396389883,867.016
DragonBallZforKinect,955.5016396389883,867.016
LMAManager2007,980.0016396389883,867.016
